id,index_entry,original_index_volume,original_index_page,resolved_source_volume,resolved_source_page,combined_printed_page,combined_pdf_page,chapter_file,source_snippet,location_method,correction
idx-001,Abelian variety,I,159,I,159,104,111,chapters/chapter04.tex,w j 1 definition4 4 5 a complex torus which is algebraic is called an abelian variety every 1 dimensional complex torus is an abelian variety theorem however it is not the case that every n dimen,phrase,
idx-002,Abelian variety!projective embedding,II,197,II,197,246,253,chapters/chapter07.tex,4 s 4 hyperref sec 5 9 chapter 5 s 9 we claim that t c n lambda is an abelian variety we shall prove this by showing that the holomorphic line bundle l h 1 on t is weakly positive and applying ko,phrase,
idx-003,Algebraic set (projective),I,146,I,146,96,103,chapters/chapter04.tex,subset of p n c that may be represented as the common zero locus of a set not necessarily finite of homogeneous polynomials defined on c n 1 is called projective algebraic ,tokens,
idx-004,Algebraic manifold,I,147,I,147,96,103,chapters/chapter04.tex,algebraic if it is an algebraic subset of p n c we say that a complex manifold is algebraic if it is biholomorphic to an algebraic submanifold of some complex projective space remark it follows from hi,tokens,
idx-005,Almost complex manifold,II,26,II,26,140,147,chapters/chapter05.tex, on tm is called an almost complex structure on m we refer to m as an almost complex manifold example 1 let m be a complex manifold with atlas u i phi i i in i the transition functions for the tangent bu,phrase,
idx-006,Alternating tensor,II,4,II,4,126,133,chapters/chapter05.tex, are called alternating tensors of order p the map wedge otimes p e to lambda p e defined by mapping e 1 otimes cdots otimes e p to e 1 wedge,tokens,
idx-007,Ample vector bundle,II,194,II,194,244,251,chapters/chapter07.tex,ts s k defines a holomorphic map of m in p k c we shall say that f is ample respectively very ample if h 0 m f determines a holomorphic map respectively embedding of m in some projective space we remark that i,tokens,
idx-008,Ample vector bundle,II,197,II,197,246,253,chapters/chapter07.tex, item if c 1 e geq 2g 1 then h 1 m e 0 item if c 1 e geq 2g then e is ample see the proof of theorem item if c 1 e geq 2g 1 then e is very ample deduce that every compact riemann surfac,tokens,
idx-009,Analytic continuation,I,3,I,3,5,12,chapters/chapter01.tex,ld for c infty or continuous functions proposition1 1 6 uniqueness of analytic continuation let u v be connected open subsets of c and suppose u cap v ne varnothing if f in a u and h is an analytic ext,phrase,
idx-010,Analytic continuation,I,49,I,49,34,41,chapters/chapter02.tex,icients a m follows by induction on n proposition2 1 11 uniqueness of analytic continuation let u v be connected open subsets of c n and suppose u cap v neq varnothing if f in a u and h is an analytic ,phrase,
idx-011,Analytic continuation,I,54,I,54,37,44,chapters/chapter02.tex,f z 1 ldots z n provided z 1 ldots z n 1 neq 0 hence by uniqueness of analytic continuation f f on c n 1 times d 1 0 setminus 0 setting f f outside c n 1 times d 1 0 we see that f is the required analy,phrase,
idx-012,Analytic continuation,II,89,II,89,179,186,chapters/chapter06.tex, omega be a morphism we say that the pair omega theta is an analytic extension of omega if every f in a omega extends uniquely across theta to an element f in a omega that is there exists ,reviewed-source-passage,
idx-013,Analytic equivalence,I,135,I,135,89,96,chapters/chapter04.tex,at f is biholomorphic and that m and n are biholomorphic or analytically equivalent notation let m be an m dimensional complex manifold with topology u if u in u we let a u denote the ring of c,reviewed-source-passage,
idx-014,Analytic extension of spread manifold,II,89,II,89,179,186,chapters/chapter06.tex,ctures and is also an open mapping definition6 2 2 let omega omega be manifolds spread over c n and theta omega to omega be a morphism we say that the pair omega theta is an analytic extension of omega if every f in a omega extends uniquely across theta to an element f in a omega that is there exists f i,tokens,
idx-015,Analytic function!of one variable,I,1,I,1,4,11,chapters/chapter01.tex,n in c we recall that a function f omega to c is said to be analytic or holomorphic if it is complex differentiable on omega writing f in real and imaginary parts f u iv analyticity implies tha,reviewed-source-passage,The indexed passage crosses the original page boundary.
idx-016,Analytic function!of several variables,I,44,I,44,31,38,chapters/chapter02.tex," denote a domain in $\mathbb C^n$.

\FieldHeading{Definition}{2.1.2}{}\FieldTarget{definition:2.1.2}{2.1.2} Let $f\in C^1(\Omega)$. We say that $f$ is \emph{analytic} or \emph{holomorphic} on $\Omega$ if $f$",reviewed-source-passage,The indexed passage crosses the original page boundary.
idx-017,Analytic function on analytic set,II,79,II,79,173,180,chapters/chapter06.tex,tion on z cap u consequently a continuous section of o z over an open set u of x determines a well defined continuous function on z cap u we call such functions analytic functions on z cap u it is easy to see that a function f z cap u to c will be analytic if and only if for every x in z cap,tokens,
idx-018,Analytic hypersurface,I,167,I,167,109,116,chapters/chapter04.tex,x manifold and x be a proper analytic subset of m we say that x is an analytic hypersurface of m if for each x in x there exists u in u x and f in a u such that x cap u f 1 0 before stating the next pr,phrase,
idx-019,Analytic map,I,135,I,135,89,96,chapters/chapter04.tex,ion4 1 3 let m n be complex manifolds with atlases a b respectively a map f m longrightarrow n is said to be holomorphic or analytic if zeta f phi 1 phi u cap f 1 v longrightarrow zeta v is analytic for all u phi in a v zeta in b if f is a ho,tokens,
idx-020,Analytic polyhedron,I,61,I,61,42,49,chapters/chapter02.tex,f points of e converging to a item let f j in a c n 1 leq j leq q the analytic polyhedron p z in c n f j z 1 1 leq j leq q possesses property s and is a domain of holomorphy indeed if a in partial p ,phrase,
idx-021,Analytic polyhedron,I,69,I,69,47,54,chapters/chapter02.tex,".
\item Let $\Omega\subset\mathbb C^n$ be a domain of holomorphy and $f_1,\ldots,f_q\in A(\Omega)$. Then $P=\{z\in\Omega:|f_j(z)|<1,\ j=1,\ldots,q\}$ is a domain of holomorphy. Indeed,",reviewed-source-passage,The indexed passage crosses the original page boundary.
idx-022,Analytic polyhedron,II,145,II,145,215,222,chapters/chapter07.tex,definition7 2 7 an open subset p of the stein manifold m is called an analytic polyhedron if there exist f 1 ldots f k in a m such that p is a union of connected components of the set z in m f j z 1 ,phrase,
idx-023,Analytic sheaf,II,127,II,127,204,211,chapters/chapter07.tex,pt m from the oka sheaf o m in future we call a sheaf of o modules an analytic sheaf we have already seen some examples where algebraic conditions holding at a point continue to hold in a neighb,phrase,
idx-024,Analytic sheaf!of finite type,II,128,II,128,205,212,chapters/chapter07.tex,hic vector bundle on m is of finite type proposition7 1 2 let f be an analytic sheaf of finite type and f 1 ldots f p be continuous sections of f defined over some open neighbourhood of x in m such that f 1 x ,phrase,
idx-025,Analytic space!reduced,II,85,II,85,176,183,chapters/chapter06.tex,he example above we may now give an intrinsic definition of a reduced analytic space which generalises our earlier definition of analytic set first we define the local models for analytic spaces,phrase,
idx-026,Analytic space!unreduced,II,86,II,86,177,184,chapters/chapter06.tex,a sheaf of c restricted to 0 let us now describe the local models for unreduced analytic spaces a local model will be a pair x o x where x is an analytic subset of an open subset u of c n a,phrase,
idx-027,Analytic subset,I,51,I,51,35,42,chapters/chapter02.tex, 2 1 let x be a subset of the domain omega in c n we say that x is an analytic subset of omega if for every z in omega there exists an open neighbourhood u of z in omega and analytic map f u to c,phrase,
idx-028,Analytic subset,I,137,I,137,90,97,chapters/chapter04.tex,4 1 6 let y be a subset of the complex manifold m we say that y is an analytic subset of m if for each x in m there exist u in u x and an analytic function f u longrightarrow c p such that y cap ,phrase,
idx-029,Anti-holomorphic!vector bundle,II,27,II,27,141,148,chapters/chapter05.tex,quivalently if e is a holomorphic vector bundle remark the dual of an anti holomorphic vector bundle is anti holomorphic as are finite tensor exterior and symmetric products ,phrase,
idx-030,Anti-holomorphic!tangent (cotangent) bundle,II,29,II,29,141,148,chapters/chapter05.tex,le isomorphism between tm and tm similarly tm has the structure of an anti holomorphic vector bundle we call tm the holomorphic tangent bundle of m and tm the anti holomorphic tangent bundle of m ,phrase,
idx-031,Appell and Humbert theorem,II,55,II,55,157,164,chapters/chapter05.tex,he line bundle on t corresponding to h and m by l h m by a theorem of apell and humbert every holomorphic line bundle on t is isomorphic to a line bundle of the form l h m moreover l h 1 m 1 cong l,phrase,
idx-032,Approximation on Stein manifolds!analytic functions,II,154,II,154,220,227,chapters/chapter07.tex,d above then h 0 m f is a frechet space lemmas next we prove our main approximation theorem theorem7 2 19 let k be an a m convex subset of the stein manifold m and suppose that f in o k then there exists a sequence f n in a m such that f n f k to 0 n to infty we may ,tokens,
idx-033,Approximation on Stein manifolds!of sections of coherent sheaf over Stein manifold,II,154,II,154,220,227,chapters/chapter07.tex,"r main approximation theorem.
\begin{originaltheorem}{Theorem}{7.2.19}\FieldTarget{theorem:7.2.19}{7.2.19}
Let $K$ be an $A(M)$-convex subset of the Stein manifold $M$ and suppose that $f\in\mathcal O(K)$. ",reviewed-source-passage,
idx-034,Atlas (complex analytic),I,17,I,17,14,21,chapters/chapter01.tex,ism of phi j u ij with phi i u ij then a is called a complex analytic atlas on m and m together with the atlas a is called a riemann surface remarks item we refer to charts u phi in a a,phrase,
idx-035,Atlas (complex analytic),I,134,I,134,88,95,chapters/chapter04.tex,the structure of an n dimensional complex manifold if there exists an atlas a u i phi i i in i of charts on m such that item phi i is a homeomorphism of u i onto the open subset phi i u,phrase,
idx-036,Basis for complexification of complex vector space,II,23,II,23,138,145,chapters/chapter05.tex,defined in hyperref sec 5 1 s 1 we conclude this section by looking at bases for the spaces we have been considering suppose b e 1 ldots e m is a complex basis for e then b is a complex ,reviewed-source-passage,
idx-037,Base locus (of linear system),II,51,II,51,155,162,chapters/chapter05.tex, suppose sigma d t t in p n c is a linear system on m we define the base locus b sigma of sigma to be the analytic set b sigma bigcap t in p n c d t let t 0 ldots t n be linearly independe,phrase,
idx-038,Bergman kernel function,I,89,I,89,60,67,chapters/chapter02.tex,f holomorphic coordinates see kohn and nirenberg and also y t siu the bergman kernel function in this section we describe how some domains of holomorphy in c n have an intrinsic strictly psh exhaustion f,phrase,
idx-039,Bergman kernel function!of polydisc,I,91,I,91,61,68,chapters/chapter02.tex,"nd $L^2(E)$. Normalising and computing the kernel functions we find
\[K_D(z,\bar\zeta)=\pi^{-n}r_1^2\cdots r_n^2\prod_{j=1}^n(r_j-z_j\bar\zeta_j)^{-2}\]
\[K_E(z,\bar\zeta)=\pi^{-n}r^2n!\",reviewed-source-passage,The indexed passage crosses the original page boundary.
idx-040,Bergman kernel function!of Euclidean disc,I,91,I,91,61,68,chapters/chapter02.tex,")=\pi^{-n}r_1^2\cdots r_n^2\prod_{j=1}^n(r_j-z_j\bar\zeta_j)^{-2}\]
\[K_E(z,\bar\zeta)=\pi^{-n}r^2n!\left(r^2-\sum_{j=1}^n z_j\bar\zeta_j\right)^{-n-1}.\]
Observe that $K_D(z,\bar z)$, $",reviewed-source-passage,The indexed passage crosses the original page boundary.
idx-041,Bergman kernel function!Levi form of,I,92,I,92,62,69,chapters/chapter02.tex,ent n 1 see also hyperref sec 4 2 s 2 of chapter 4 corollary2 6 7 the levi form of log k omega z z is invariant under biholomorphic transformations because of corollary and the analogy with ps,phrase,
idx-042,Bergman kernel function!of complex manifold,II,64,II,64,163,170,chapters/chapter05.tex,y finally we conclude this section with a few brief remarks about the bergman kernel function of a complex manifold given an m dimensional complex manifold m let l 2 m f in omega m m int m f wedge f inft,phrase,
idx-043,Biholomorphic,I,16,I,16,13,20,chapters/chapter01.tex, let u and v be open subsets of c and f u to v we shall say that f is biholomorphic if f is a homeomorphism onto v and both f and f 1 are analytic we remark that by the inverse function theorem,phrase,
idx-044,Biholomorphic,I,18,I,18,14,21,chapters/chapter01.tex,ap f 1 v to c is analytic for all u phi in a v psi in b and that f is biholomorphic if f is bijective and both f and f 1 are analytic if there exists a biholomorphic map between m and n we say ,phrase,
idx-045,Biholomorphic,I,135,I,135,89,96,chapters/chapter04.tex,s maximal that is if u phi is any chart on m such that phi phi j 1 is biholomorphic for all j in i then u phi in a item every n dimensional complex manifold has the structure of a 2n dimensiona,phrase,
idx-046,Biholomorphic inequivalence of disc and polydisc,I,92,I,92,62,69,chapters/chapter02.tex,he example shows that the open polydisc and euclidean disc in c n are biholomorphically inequivalent n 1 see also hyperref sec 4 2 s 2 of chapter 4 corollary2 6 7 the levi form of log k omega z z is invariant u,phrase,
idx-047,Biholomorphic inequivalence of disc and polydisc,I,138,I,138,91,98,chapters/chapter04.tex, open unit euclidean disc centre zero in c n then for n 1 d and e are not biholomorphic our proof of this inequivalence uses an elementary argument due to simha first we remark that if there exists,phrase,
idx-048,Bimeromorphic invariant,II,52,II,52,156,163,chapters/chapter05.tex,lowings up with non singular centres the geometric genus is in fact a bimeromorphic invariant whilst we shall not define bimeromorphic maps here see ueno for details and references we point out that bime,phrase,
idx-049,Birational invariant,I,185,I,185,119,126,chapters/chapter04.tex,wn in algebraic geometry the corresponding problem is that of finding birational invariants we shall describe one invariant here see also hyperref sec 5 9 s 9 chapter 5 and refer the reader to the refe,tokens,
idx-050,Blowing-up,I,177,I,177,114,121,chapters/chapter04.tex,ps sigma setminus e bijectively onto c n setminus 0 we call sigma the blowing up of c n at 0 amongst many other commonly used terms to describe sigma are c n blown up at zero the quadratic t,phrase,
idx-051,Blowing-up!with non-singular centre,I,179,I,179,116,123,chapters/chapter04.tex,t the point p or any of the other descriptions we gave previously for blowing up c n we call p the centre of the blowing up and e pi 1 p the exceptional variety clearly e is biholomorphic to,phrase,
idx-052,Blowing down,I,185,I,185,119,126,chapters/chapter04.tex,to find properties of complex manifolds invariant under blowing up or blowing down in algebraic geometry the corresponding problem is that of finding birational invariants we shall describe on,phrase,
idx-053,Bounded domain,I,163,I,163,106,113,chapters/chapter04.tex, classification of all discrete subgroups of psl 2 r 2 let omega be a bounded domain in c n and suppose that gamma subset aut omega acts freely properly discontinuously on omega and omega gamma ,phrase,
idx-054,Branch point,I,20,I,20,16,23,chapters/chapter01.tex,will not be a complex submanifold of c 2 as there is a singularity or branch point at z 0 see chapter for terminology let pi x to c denote the restriction to x of the projection of c 2 on the ,phrase,
idx-055,Calabi--Eckmann manifold,I,165,I,165,107,114,chapters/chapter04.tex,e call s 2p 1 times s 2q 1 with the complex structure defined above a calabi eckmann manifold observe that if p in s 2p 1 q in s 2q 1 then the complex manifold x s 2p 1 setminus p times s 2q 1 setminus q,phrase,
idx-056,Canonical bundle!universal bundle on a Grassmannian,I,151,I,151,98,105,chapters/chapter04.tex, a k dimensional holomorphic vector bundle over g k n c we call u the universal bundle or canonical bundle of g k n c it can be shown that given any k dimensional vector bundle e over a differenti,phrase,
idx-057,Canonical bundle,II,45,II,45,152,159,chapters/chapter05.tex,er of the cotangent bundle of an n dimensional complex manifold m the canonical bundle of m and denote it by k m thus we have shown that k p n c h n 1 as we shall see later the canonical bundle pl,phrase,
idx-058,Canonical bundle!of projective space,II,45,II,45,152,159,chapters/chapter05.tex,er of the cotangent bundle of an n dimensional complex manifold m the canonical bundle of m and denote it by k m thus we have shown that k p n c h n 1 as we shall see later the canonical bundle pl,phrase,
idx-059,Canonical bundle!of hypersurface,II,57,II,57,159,166,chapters/chapter05.tex," TM^*|V:v\text{ is zero on }TV^*\}$.
\item $N_V^*\cong[-V]|V$.
\item $K(V)\cong(K(M)\otimes[V])|V$.
\end{enumerate}
(Hints: For b), show that the local defining equations for $V$ determine a non-ze",reviewed-source-passage,
idx-060,Canonical resolution of sheaf,II,98,II,98,185,192,chapters/chapter06.tex, call the resolution of f constructed in the proof of proposition the canonical resolution of f let f be a sheaf on x and 0 to f xrightarrow epsilon f 0 xrightarrow d 0 f 1 xrightarrow d 1 ,phrase,
idx-061,Cartan theorems A and B,II,140,II,140,212,219,chapters/chapter07.tex,craper sheaf whose stalk is zero except at x where it equals c now by cartan s coherence theorem i x is coherent and so by theorem b h 1 m i x 0 therefore taking the cohomology sequence ,phrase,
idx-062,Cartan theorems A and B,II,155,II,155,221,228,chapters/chapter07.tex,um j 1 k d js j satisfies our requirements theorem7 2 21 theorem b of cartan let f be a coherent sheaf on the stein manifold m then h q m f 0 q geq 1 we have already proved that h q m f ,phrase,
idx-063,Cartan theorems A and B,II,165,II,165,227,234,chapters/chapter07.tex,im ch 0 m f infty take u v m in lemma and apply theorem theorem7 3 12 cartan serre let f be a coherent sheaf on the compact complex manifold m then dim ch q m f infty q geq 0 choose lera,phrase,
idx-064,Cartan--Thullen theorem,I,69,I,69,47,54,chapters/chapter02.tex,his is true for all r d omega k the proposition follows theorem2 4 10 cartan thullen a domain of holomorphy is holomorphically convex it is clearly enough to prove that for any compact subset k ,tokens,
idx-065,Cartier divisor,I,173,I,173,112,119,chapters/chapter04.tex,ith specified pole and zero set with multiplicities definition4 6 9 a cartier divisor d on the complex manifold m consists of an open cover u i i in i of m together with meromorphic functions m i,phrase,
idx-066,Cauchy's inequalities,I,4,I,4,6,13,chapters/chapter01.tex, item 2 cauchy s inequalities continuing with the notation and assumptions of question 1 show that if m t sup f z z z 0 t r t r then a n le,phrase,
idx-067,Cauchy's inequalities,I,48,I,48,33,40,chapters/chapter02.tex,n a omega then partial m f in a omega for all m in n n corollary2 1 7 cauchy s inequalities if f is analytic on the polydisc d d a r 1 ldots r n and f leq m on d then partial m f a leq mm r m quad m in,phrase,
idx-068,Cauchy's inequalities!further estimates,I,42,I,42,29,36,chapters/chapter01.tex,nt omega u p dx dy right 1 p quad u p omega may be infinite show that given s 0 s d k partial omega there exists c 0 such that for all u in a omega we have partial j u partial z j k leq,reviewed-source-passage,
idx-069,Cauchy's inequalities!further estimates,I,50,I,50,35,42,chapters/chapter02.tex,a be an open neighbourhood of the compact subset k of omega for integers p geq 1 and u in a omega let u p omega left int omega u p d lambda right 1 p where d lambda denotes lebesgue ,reviewed-source-passage,The indexed passage crosses the original page boundary.
idx-070,Cauchy's integral formula,I,38,I,38,26,33,chapters/chapter01.tex,e first part of this appendix we prove a number of results related to cauchy s integral formula that will be used later in the text as well as in the proof of theorem the main element in the proof of theor,phrase,
idx-071,Cauchy's integral formula!for polydiscs,I,46,I,46,32,39,chapters/chapter02.tex, m for z 1 m 1 cdots z n m n f m z for f m 1 cdots m n z theorem2 1 3 cauchy s integral formula for polydiscs let d be an open polydisc in c n with centre a and suppose f in c 0 d is analytic on d then for all z z 1 ldo,phrase,
idx-072,Cauchy--Riemann equations,I,1,I,1,4,11,chapters/chapter01.tex,d imaginary parts f u iv analyticity implies that u and v satisfy the cauchy riemann equations on omega partial u partial x partial v partial y qquad partial u partial y partial v partial x recalling that,phrase,
idx-073,"Cayley--Pl\""ucker--Grassmann coordinates",I,149,I,149,97,104,chapters/chapter04.tex,plication by elements of c the scalars a i 1 cdots i k are called the cayley plucker grassmann coordinates on g k n c next we shall construct a complex analytic atlas for g k n c we let k denote the set of ordered su,phrase,
idx-074,\v{C}ech cohomology group,II,113,II,113,195,202,chapters/chapter06.tex,define check h p x f dirlim uh p u f we call check h p x f the p th v cech cohomology group of x with coefficients in f by part 1 of proposition we see that for p geq 0 we have canonical homomorphisms ,phrase,
idx-075,Centre (of blowing up),I,177,I,177,114,121,chapters/chapter04.tex,rm of c n at zero the hopf sigma process of c n at zero we call 0 the centre of the blowing up e is called the exceptional variety it is easy to see that sigma is a complex submanifold o,phrase,
idx-076,Chart,I,16,I,16,13,20,chapters/chapter01.tex,er with connectedness imply separability see for example matsushima a chart on a topological space m consists of a pair u phi where u is an open subset of m and phi is a homeomorphism o,phrase,
idx-077,Chern class (first),II,117,II,117,197,204,chapters/chapter06.tex,complex line bundle define c 1 l delta l in h 2 x z we call c 1 l the first chern class of l we see that l c the trivial line bundle if and only if c 1 l 0 fix an open cover u u i i in i of x such ,phrase,
idx-078,Chern class (first),II,122,II,122,200,207,chapters/chapter06.tex,ad by the residue theorem deg l item we showed in example 12 that the chern class of a holomorphic line bundle on x could be represented via the de rham isomorphism by a closed 1 1 form on x ,phrase,
idx-079,Chern class (first),II,123,II,123,201,208,chapters/chapter06.tex,olomorphically trivial line bundle recalling from example 12 that the chern class map c 1 hlb x to h 2 x z is defined to be minus the connecting homomorphism delta hlb x to h 2 x z we see tha,phrase,
idx-080,Chern class (first),II,125,II,125,203,210,chapters/chapter06.tex,on fibres see also exercise 6 hyperref sec 5 9 s 9 chapter 5 item the first chern class of l h m is represented by the form frac i2 pi partial partial log exp pi h z z frac i2 h item every 1 dimens,phrase,
idx-081,Chern class (first)!of hyperplane section bundle,II,119,II,119,198,205,chapters/chapter06.tex, form in example 15 we shall show that every integral 1 1 form is the chern class of some holomorphic line bundle the reader should also observe that we do not really need to assume that the ,phrase,
idx-082,Chern class (first)!of holomorphic line bundle on $\mathbb{P}^n(\mathbb{C})$,II,185,II,185,239,246,chapters/chapter07.tex, 1 p n c o cong h 2 p n c z where the isomorphism is given by c 1 1st chern class map by topology h 2 p n c z cong z n geq 1 let p 1 c subset p n c we have the commutative diagram input diagr,phrase,
idx-083,Chow's theorem,I,148,I,148,97,104,chapters/chapter04.tex, of two homogeneous polynomials of the same degree one consequence of chow s theorem is that every meromorphic function on p n c is rational we have already proved this in hyperref sec 1 4 s 4 o,phrase,
idx-084,Chow's theorem,II,182,II,182,237,244,chapters/chapter07.tex,h that s z v see the exercises at the end of the section theorem7 5 5 chow s theorem every analytic subset of p n c is algebraic let x be an analytic subset of p n c with ideal sheaf i then i is,phrase,
idx-085,Classical domain,I,139,I,139,91,98,chapters/chapter04.tex,also hormander theorem 2 7 11 bib i hormander l 1 next we turn to the classical domains in c n which generalise the open unit disc or upper half plane in c as we shall not need any results from thi,tokens,
idx-086,Closed form,II,11,II,11,131,138,chapters/chapter05.tex,ct if in addition there exists a p 1 form zeta such that d zeta phi a closed form need not be exact though by poincare s lemma it is always locally exact that is if phi is an exact p form on ,phrase,
idx-087,Closure of modules theorem,I,133,I,133,87,94,chapters/chapter03.tex,hood d of zero then m b d is a closed normed subspace of a b d p item closure of modules theorem suppose m is a submodule of o 0 p and f in a u p for some open neighbourhood u of zero in c n show that if f ,phrase,
idx-088,Closure of modules theorem,II,153,II,153,219,226,chapters/chapter07.tex,fore s y 0 y in d hence the result of course our argument is just the closure of modules theorem exercise 3 hyperref sec 3 6 s 6 chapter 3 let k n n geq 1 be a normal exhaustion of m by compact a m convex s,phrase,
idx-089,Coboundary operator (in \v{C}ech theory),II,107,II,107,191,198,chapters/chapter06.tex,group of all p cochains of u with values in f for p geq 0 we define a coboundary operator d c p u f to c p 1 u f by dc s sum j 0 p 1 1 j c s 0 cdots s j cdots s p 1 quad s in i p 2 a simple computati,phrase,
idx-090,Cocycle condition,I,12,I,12,11,18,chapters/chapter01.tex,ation a occurring in the proof of theorem is usually referred to as a cocycle condition and f ij i j in i as a cocycle we shall meet this type of relation frequently in the sequel the proof of theo,phrase,
idx-091,Cocycle condition,II,26,I,26,19,26,chapters/chapter01.tex,y be verified that the theta ij are continuous maps which satisfy the cocycle conditions left theta ij theta ji 1 theta ij cdot theta jk theta ik right tag a inversion and multiplication are in gl r,tokens,The original scan italicises 26; transition-function cocycles are in Part I.
idx-092,Coherence of ideal sheaf,II,137,II,137,210,217,chapters/chapter07.tex,"
For $z\in\mathbb{C}^k$, $\mathcal{I}_{X,z}=(z_{k+1},\ldots,z_m)$ and clearly $z_{k+1},\ldots,z_m$ give a finite set of generators for $\mathca",reviewed-source-passage,
idx-093,Coherence of ideal sheaf!inverse image,II,137,II,137,210,217,chapters/chapter07.tex,m to n be a holomorphic map of complex manifolds and f be a coherent sheaf on n then f f is a coherent sheaf on m this result follows by representing f locally as the cokernel of a map o ,reviewed-source-passage,
idx-094,Coherence of ideal sheaf!direct image,II,137,II,137,210,217,chapters/chapter07.tex,ic in general f f will not be a coherent sheaf on n however if f is proper a deep and difficult theorem of grauert asserts that f f is coherent proofs of this important result may be f,reviewed-source-passage,
idx-095,Coherent sheaf,II,132,II,132,208,215,chapters/chapter07.tex,d set of generators for r f 1 ldots f p u definition7 1 5 an analytic sheaf f on the complex manifold m is said to be coherent if ,tokens,
idx-096,Cohomology!sheaf,II,99,II,99,185,192,chapters/chapter06.tex,ion6 3 9 the group h p x f constructed above is called the p th sheaf cohomology group of x with coefficients in the sheaf f theorem6 3 10 the sheaf cohomology groups of x satisfy the follow,phrase,
idx-097,Cohomology!singular,II,103,II,103,188,195,chapters/chapter06.tex,ogether with 1b of theorem we have corollary6 3 12 we can compute the cohomology of x with coefficients in f using any fine or soft resolution of f in particular properties 1 3 of theorem de,phrase,
idx-098,Cohomology of $O(m)$ sheaves on $\mathbb{P}^n(\mathbb{C})$,II,175,II,175,233,240,chapters/chapter07.tex,"=0,\quad m<0.
\end{aligned}
\]
\begin{originaltheorem}{Theorem}{7.5.2}\FieldTarget{theorem:7.5.2}{7.5.2}
\begin{enumerate}[label=\arabic*.]
\item For $m\geq0$, we have
\[
\begin{aligned}
H^p(\mathbb P^n(\",reviewed-source-passage,The indexed passage crosses the original page boundary.
idx-099,Commutative vector space algebra,II,2,II,2,125,132,chapters/chapter05.tex,mple 3 given a vector space e otimes e lambda e and odot e are graded vector space algebras with respective algebra operations of tensor product exterior or wedge product and symmetric product lambda e is commutative proposition5 1 4 let e and f be vector spaces then lambda e otimes lambda f has the natural structure of a co,tokens,
idx-100,Compact linear map between Fr\'echet spaces,II,160,II,160,224,231,chapters/chapter07.tex,unning r c and rossi h 1 definition7 3 4 let a e to f be a continuous linear map between frechet spaces we say a is compact if there exists an open neighbourhood v of 0 in e such that a v is relatively compact theorem7 3 5 l schwartz,tokens,
idx-101,Complex differential form,II,28,II,28,141,148,chapters/chapter05.tex,es of m respectively sections of the bundle lambda p c t m are called complex differential p forms on m p geq 0 exterior differentiation complexifies to give an operator on complex differential forms which we,tokens,
idx-102,Complex Lie group,I,139,I,139,91,98,chapters/chapter04.tex,fundamental result of h cartan is that aut omega is a locally compact lie group see also r narasimhan definition4 2 1 a domain omega in c n is said to be homogeneous if aut omega acts trans,tokens,
idx-103,Complex Lie group,I,151,I,151,99,106,chapters/chapter04.tex, t omega are obviously analytic and so t omega has the structure of a complex lie group that is a lie group which is a complex manifold and whose group operations are analytic example 1 every compa,phrase,
idx-104,Complex line bundle,I,30,I,30,22,29,chapters/chapter01.tex, 1 dimensional complex vector bundle we shall usually refer to e as a complex line bundle since gl c cong c bullet the transition functions for a complex line bundle may be equivalently given by non ,phrase,
idx-105,Complex line bundle!on differential manifold,II,116,II,116,196,203,chapters/chapter06.tex,prox gl 1 c we see that the phi ij are the transition functions for a complex line bundle l xi on x we leave it to the reader to check that l xi depends only on xi and not on our particular choice of,phrase,
idx-106,Complex manifold,I,134,I,134,88,95,chapters/chapter04.tex, and analytic sets in this section we shall review the definitions of complex manifold and submanifold analytic map and analytic set for the most part our definitions are straightforward adaptatio,phrase,
idx-107,Complex manifold!analytic structure,I,135,I,135,88,95,chapters/chapter04.tex,manifold modelled on c n we also say that the atlas defines a complex analytic structure on m it is always assumed that a complex manifold m comes with a specific complex analytic structure as we sh,phrase,
idx-108,Complex multiplication,I,162,I,162,105,112,chapters/chapter04.tex,numbers a such that al subset l clearly m l supset z say that c l has complex multiplication if m l is strictly bigger than z show that if c l has complex multiplication then tau in q sqrt p for some po,phrase,
idx-109,Complex projective space,I,145,I,145,95,102,chapters/chapter04.tex,most important examples of compact complex manifolds are given by the complex projective spaces and their closed submanifolds we start this section by constructing complex n dimensional projective space le,tokens,
idx-110,"Complex $(r,s)$-vector/form",II,22,II,22,137,144,chapters/chapter05.tex,lambda r s e an element of lambda r s e resp lambda r s e is called a complex r s vector resp a complex r s form properties of the exterior algebras of ce and ce for properties 1 and 2 below we suppose dim c e m item lambd,tokens,
idx-111,Complex structure!on vector space,I,29,I,29,21,28,chapters/chapter01.tex, i then j is a c linear isomorphism of c m satisfying j 2 i the usual complex structure on c m may be defined in terms of j and the underlying real structure on c m by a ib z az bj z quad a b in r ,phrase,
idx-112,Complex structure!on vector space,II,17,II,17,134,141,chapters/chapter05.tex,t e be a real vector space an endomorphism j of e is said to define a complex structure on e if j 2 i if e has complex structure j then e may be given the structure of a complex vector space if we ,phrase,
idx-113,Complex structure!conjugate structure,I,29,I,29,21,28,chapters/chapter01.tex, i then j is a c linear isomorphism of c m satisfying j 2 i the usual complex structure on c m may be defined in terms of j and the underlying real structure on c m by a ib z az bj z quad a b in r ,phrase,
idx-114,Complex structure on vector bundle,II,26,II,26,140,147,chapters/chapter05.tex, pm be a smooth real vector bundle over the differential manifold m a complex structure j on e is a vector bundle morphism j e to e satisfying j 2 i equivalently a complex structure on e is a c infty section j of the vector,tokens,
idx-115,Complex submanifold,I,135,I,135,89,96,chapters/chapter04.tex, a and n be a connected subset of m we say that n is an n dimensional complex submanifold of m if for every x in n there exists u phi in a such that phi maps u cap n homeomorphically onto an open sub,phrase,
idx-116,Complex tangent (cotangent) bundle,II,28,II,28,141,148,chapters/chapter05.tex, tangent and cotangent bundles of a complex manifold in this section we show how the theory of hyperref sec 5 4 s 4 can be applied to the study of the ta,tokens,
idx-117,Complex torus,I,151,I,151,99,106,chapters/chapter04.tex,are analytic example 1 every compact connected complex lie group is a complex torus and is in particular abelian by standard results in lie group theory it is enough to prove that a compact con,phrase,
idx-118,Complex torus,II,53,II,53,156,163,chapters/chapter05.tex, harris swinnerton dyer and weil let t c n lambda be an n dimensional complex torus with period lattice lambda and pi c n to t denote the quotient map if l is a holomorphic line bundle on t the,phrase,
idx-119,Complex torus!embedding of,II,197,II,197,246,253,chapters/chapter07.tex, projection is an injective immersion p notin sigma and so defines an embedding of m in p n 1 c we end with an example example let lambda subset c n be a lattice and suppose that lambda admits,phrase,
idx-120,Complexification,II,15,II,15,133,140,chapters/chapter05.tex,j frac partial y i partial x j y j frac partial x i partial x j right complexification throughout this section tensor products over r and c will be denoted by otimes r and otimes c respectively we,phrase,
idx-121,Complexification!of linear map,II,19,II,19,135,142,chapters/chapter05.tex,or spaces and a in l r e f let ca a otimes r1 in l c ce cf denote the complexification of a we say that ca respects the splittings e oplus e f oplus f of ce cf or just splits if ca a 1 oplus a 2 w,phrase,
idx-122,Complexification!of complex vector bundle,II,26,II,26,140,147,chapters/chapter05.tex, complexification let e xrightarrow pm be a smooth real vector bundle over the differential manifold m the complexification ce ,phrase,
idx-123,Composite mapping formula,I,31,I,31,22,29,chapters/chapter01.tex, m as a map partial c infty m to c infty tm first we need to note the composite mapping formula for partial partial z partial partial z suppose h and g are c 1 complex valued functions defined on open subs,phrase,
idx-124,Composite mapping formula,I,43,I,43,30,37,chapters/chapter02.tex,al partial y j just as in hyperref sec 1 4 s 4 of chapter 1 we have a composite mapping formula for these operators proposition2 1 1 composite mapping formula let u subset c m v subset c n be open and g in,phrase,
idx-125,Conjugate!vector space,I,29,I,29,21,28,chapters/chapter01.tex,al structure on c m by a ib z az bj z quad a b in r quad z in c m the conjugate complex structure on c m is defined by a ib z az bj z quad a b in r quad z in c m we denote the resulting com,phrase,
idx-126,Conjugate!vector space,II,17,II,17,134,141,chapters/chapter05.tex,5 4 2 if e is a vector space with complex structure j we define e the conjugate of e to be the vector space e with complex structure j remark suppose e is a complex vector space and that x ,phrase,
idx-127,Conjugate!dual space,I,29,I,29,21,28,chapters/chapter01.tex,nless the contrary is explicitly stated we let c m l c m c denote the conjugate dual space of c m if a in l c m c n we define the transpose a in l c n c m exactly as in the real case we let c m denote,phrase,
idx-128,Conjugate!dual space,II,18,II,18,134,141,chapters/chapter05.tex,be extended to complex manifolds properties of complex structures and conjugate spaces item let e f be vector spaces with complex structures j e j f respectively a map a in l r e f is compl,phrase,
idx-129,Conjugate!complex vector bundle,II,27,II,27,140,147,chapters/chapter05.tex,s item a holomorphic vector bundle necessarily has the structure of a complex vector bundle item an m dimensional holomorphic vector bundle may equivalently be described by specifying a family phi ij u,phrase,
idx-130,Conjugation,II,16,II,16,133,140,chapters/chapter05.tex,n reasons that we introduce complexification is so that we can define conjugation definition5 3 2 the map s ce to ce defined by s e otimes rc e otimes r c e in e c in c is called conjugation ,phrase,
idx-131,Conjugation,II,20,II,20,136,143,chapters/chapter05.tex, of a complex linear and conjugate complex linear form let us see how conjugation fits into this picture the conjugation map s e to e defined by taking conjugates of linear forms is the restr,phrase,
idx-132,Constant sheaf,II,70,II,70,167,174,chapters/chapter06.tex, by gamma x is homeomorphic to x times gamma we say that gamma x is a constant sheaf that is topologically a product sections of gamma x are gamma valued functions on x which are constant on con,phrase,
idx-133,Contraction,II,5,II,5,127,134,chapters/chapter05.tex,nduction on p we conclude this section by describing the operation of contraction or interior product of tensors first observe that since the dual pairing e times e to r is bilinear it corres,phrase,
idx-134,Contraction,II,23,II,23,138,145,chapters/chapter05.tex,a r s f r s p similarly for forms item if r geq u s geq v we have the contraction operation mathsf c lambda r s e otimes lambda u v e longrightarrow lambda r u s v e obtained as the restricti,phrase,
idx-135,Contraction!composition,II,7,II,7,128,135,chapters/chapter05.tex,ion of the trivial factor for the present simplifies our indexing the contraction between the j th and k th factors of v will be the linear map mathsf c k j v to v defined on generators by ma,phrase,
idx-136,Contraction!of sections of vector bundle,II,11,II,11,130,137,chapters/chapter05.tex,i x trace s x otimes phi x in the sequel we use the same notation for contractions on vector bundles and their sections that we developed in the previous section for vector spaces differential forms a section of the bundle lambda p t m is called a differential p form on m for p geq 0 we have the operation d c infty lamb,tokens,
idx-137,Convex hull (closed),I,62,I,62,42,49,chapters/chapter02.tex, x tx 1 t y in x for all t in 0 1 now suppose x is bounded the closed convex hull x c of x is defined to be x c u in r n phi u leq sup x in x phi x for all phi in r n prime the following prop,phrase,
idx-138,Convexity,I,74,I,74,50,57,chapters/chapter02.tex,"x)>0$, the result follows.
\end{proof}
\FieldHeading{Theorem}{2.5.3}{}\FieldTarget{theorem:2.5.3}{2.5.3} Let $\Omega$ be a proper subdomain of $\mathbb R^n$ with $C^2$ boundary. Then $\Omega$ is convex if",reviewed-source-passage,
idx-139,Convexity!strict,I,76,I,76,51,58,chapters/chapter02.tex,per subdomain of r n with c 2 boundary we say that omega is strictly convex if for some defining function phi for omega h phi is positive definite on tangent vectors to partial omega pr,reviewed-source-passage,
idx-140,Cotangent bundle,I,28,I,28,20,27,chapters/chapter01.tex,eal tangent bundle of m which we denote in the sequel by t m the real cotangent bundle of m t m is the dual bundle of t m with transition functions phi ij see abraham and marsden chillingworth and,phrase,
idx-141,Cotangent bundle,II,28,II,28,141,148,chapters/chapter05.tex, tangent and cotangent bundles of a complex manifold in this section we show how the theory of hyperref sec 5 4 s 4 can be applied to the st,tokens,
idx-142,"Cotangent bundle!holomorphic, anti-holomorphic",I,31,I,31,22,29,chapters/chapter01.tex,analytic maps and define the transition functions for the holomorphic cotangent bundle tm of m phi ij u ij to gl c are c infty maps not analytic and are the transition functions for the anti holom,phrase,
idx-143,"Cotangent bundle!holomorphic, anti-holomorphic",II,30,II,30,142,149,chapters/chapter05.tex, bundle we call tm and tm the holomorphic cotangent and anti holomorphic cotangent bundles of m respectively the transition functions psi ij for c t m are given by psi ij c phi ji and so the transitio,tokens,
idx-144,Cousin domains,I,93,I,93,62,69,chapters/chapter02.tex,functions of the polydisc and euclidean disc given in the example the cousin problems in this section we wish to consider the problem of constructing meromorphic functions with specified,phrase,
idx-145,Cousin domains,I,94,I,94,63,70,chapters/chapter02.tex,u i such that f ij f j f i on u ij for all i j in i we say omega is a cousin b domain if we can always solve the cousin b problem on omega proposition2 7 1 let omega be a domain in c n t,phrase,
idx-146,Cousin domains,I,114,I,114,76,83,chapters/chapter03.tex,e given m i in m u i such that m i m j in a u ij for all i j in i the cousin i problem is to construct m in m omega such that m m i in a u i for all i in i if we can always solve the cou,phrase,
idx-147,Cousin domains,I,115,I,115,76,83,chapters/chapter03.tex, given m i in m u i such that m im j 1 in a u ij for all i j in i the cousin ii problem is to construct m in m omega such that mm i 1 in a u i for all i in i if we can always solve the c,phrase,
idx-148,Cousin problems,I,93,I,93,62,69,chapters/chapter02.tex,functions of the polydisc and euclidean disc given in the example the cousin problems in this section we wish to consider the problem of constructing meromorphic functions with specified principl,phrase,
idx-149,Cousin problems,I,94,I,94,63,70,chapters/chapter02.tex,i j in i we say omega is a cousin b domain if we can always solve the cousin b problem on omega proposition2 7 1 let omega be a domain in c n then item omega is a cousin a domain if and only if we,tokens,
idx-150,Cousin problems,I,114,I,114,76,83,chapters/chapter03.tex,e given m i in m u i such that m i m j in a u ij for all i j in i the cousin i problem is to construct m in m omega such that m m i in a u i for all i in i if we can always solve the cousin i prob,tokens,
idx-151,Cousin problems,I,115,I,115,76,83,chapters/chapter03.tex, given m i in m u i such that m im j 1 in a u ij for all i j in i the cousin ii problem is to construct m in m omega such that mm i 1 in a u i for all i in i if we can always solve the cousin ii pr,tokens,
idx-152,Cousin problems,I,173,I,173,112,119,chapters/chapter04.tex,eddings into projective space our next definition is motivated by the cousin ii problem and the question of constructing a meromorphic function with specified pole and zero set with multiplicities ,tokens,
idx-153,Cousin problems,II,41,II,41,149,156,chapters/chapter05.tex,i ij cdot phi jk phi ik for all i j k and so phi ij is the data for a cousin b problem on d by corollary there exists a i in a u i such that phi ij a j a i but by hyperref sec 1 5 s 5 of chapter 1,tokens,
idx-154,Cousin problems,II,78,II,78,172,179,chapters/chapter06.tex,f m m in o u a u we can now give a sheaf theoretic formulation of the cousin i problem see definition the data for the cousin i problem on x is a continuous section p of m o over x the cousin i pr,tokens,
idx-155,Cousin problems,II,108,II,108,191,198,chapters/chapter06.tex, example 8 the data for the cousin a resp cousin b problem on a complex manifold defines a class in h 1 u o resp h 1 u o lemma6 3 13 for any sheaf f on x we have h 0 u ,tokens,
idx-156,Cousin problems,II,141,II,141,212,219,chapters/chapter07.tex,orem b for free sheaves enables us to give a complete solution to the cousin problems on a stein manifold theorem7 2 1 a stein manifold is a cousin i and cousin a domain our standing assumption i,phrase,
idx-157,Cousin problem on polydiscs,II,41,II,41,149,156,chapters/chapter05.tex, bullet be the transition functions for the holomorphic line bundle l on the polydisc d then phi ij cdot phi jk phi ik for all i j k and so phi ij is the data for a cousin b problem on d by corollary there exists a i in a u i such that phi ij a j a i but by hyperref sec 1 5 s 5 of chapter 1,tokens,
idx-158,Cubic curve,I,147,I,147,97,104,chapters/chapter04.tex,ric z 0 2 cdots z n 2 0 is an algebraic submanifold of p n c item the cubic curve y 2z 4x 3 g 2xz 2 g 3z 3 0 defines an algebraic submanifold of p 2 c provided that g 2 3 27g 3 2 neq 0 that i,phrase,
idx-159,Cubic curve,I,158,I,158,103,110,chapters/chapter04.tex,s non zero we have already indicated in the previous section that the cubic curve y 2z 4x 3 g 2xz 2 g 3z 3 0 is non singular in p 2 c provided that g 2 3 27g 3 2 neq 0 the next theorem gives ,phrase,
idx-160,$d$ (exterior differentiation),II,11,II,11,130,137,chapters/chapter05.tex,ave the operation d c infty lambda p t m to c infty lambda p 1 t m of exterior differentiation and the corresponding sequence c infty m xrightarrow dc infty t m xrightarrow d cdots xrightarrow dc infty la,phrase,
idx-161,$d$ (exterior differentiation)!as morphism of sheaves,II,74,II,74,170,177,chapters/chapter06.tex, x and so the sheaves c p have the structure of c modules for p geq 0 exterior differentiation induces a morphism d c p to c p 1 of c modules observe that d is certainly not a morphism of d x modules item,phrase,
idx-162,$d$ (exterior differentiation)!as morphism of sheaves,II,75,II,75,171,178,chapters/chapter06.tex,al manifold the de rham complex is the sequence of c modules given by exterior differentiation 0 to c xrightarrow i d x xrightarrow d c 1 xrightarrow d cdots xrightarrow d c n 1 xrightarrow d c n to 0 ,phrase,
idx-163,Defining function of domain in complex manifold,II,60,II,60,161,168,chapters/chapter05.tex,aightforward exercise to verify that n x z x and p x depend only on x in partial m and not the choice of defining function phi see hyperref sec 2 5 s 5 chapter 2 definition5 10 3 let m be a relatively compact domain of the complex manifold m and assume that m has c 2 boundary suppose that m has defining function phi then we say that m is q pseudoc,tokens,
idx-164,Deformation of complex structure,I,154,I,154,101,108,chapters/chapter04.tex, a global theory is due to griffiths there is an infinitesimal theory of deformations of complex structure due to kodaira spencer and kuranishi this is described in the book by kodaira and morrow finally we remark th,tokens,
idx-165,Degree of divisor,I,22,I,22,16,23,chapters/chapter01.tex, and call deg d the degree of d we have the following topological restriction on divisors of meromorphic functions lemma1 4 3 a necessary condition for d in d m to be the divisor of a meromorphic fun,tokens,
idx-166,Degree of holomorphic line bundle,II,121,II,121,200,207,chapters/chapter06.tex,"xt{ for all }j,k.
\]
Hence, by Example 12, we have
\[
\begin{aligned}
c_1(L)_{\mathbb C}=c_1(L)&=-\frac i{2\pi}\int_M\partial\bar\partial\log g_j^{-1}\\
&=\frac1{2\pi i}\int_M\bar\partial\partial",reviewed-source-passage,The indexed passage crosses the original page boundary.
idx-167,Degree of holomorphic line bundle,II,122,II,122,200,207,chapters/chapter06.tex, sum i 1 n n i quad by the residue theorem deg l item we showed in example 12 that the chern class of a holomorphic line bundle on x could be represente,reviewed-source-passage,
idx-168,Degree of holomorphic line bundle,II,185,II,185,239,246,chapters/chapter07.tex, z since h d admits a meromorphic section whose divisor had degree d we see ,reviewed-source-passage,The indexed passage crosses the original page boundary.
idx-169,Derivation,II,12,II,12,131,138,chapters/chapter05.tex,d lie derivatives we say that a map delta c infty m to c infty m is a derivation if delta is r linear and delta fg delta f g f delta g for all f g in c infty m we denote the set of derivatio,phrase,
idx-170,Derivative of analytic map,I,44,I,44,31,38,chapters/chapter02.tex,ega iff df z is c linear for all z in omega if f is analytic then the matrix of df z relative to the standard basis of c n is partial f partial z 1 ldots partial f partial z n item if f ,phrase,
idx-171,Desingularization,I,179,I,179,116,123,chapters/chapter04.tex,ow give some examples to show how blowing up may be used to desingularize analytic sets suppose that x is an analytic subset of ,reviewed-source-passage,
idx-172,Desingularization,I,181,I,181,117,124,chapters/chapter04.tex,without too much difficulty this technique will effectively resolve the singularities of all curves details may be found in walker mumford or hartshorne fundamental results of hironaka following ,reviewed-source-passage,The indexed passage crosses the original page boundary.
idx-173,Differential form!real,II,11,II,11,130,137,chapters/chapter05.tex, sections that we developed in the previous section for vector spaces differential forms a section of the bundle lambda p t m is called a differential p form on m for p geq 0 we have the operation d,tokens,
idx-174,Differential form!complex,II,28,II,28,141,148,chapters/chapter05.tex, which we shall continue to denote by d we note that this operator on complex differential forms obeys all the properties described in hyperref sec 5 3 s 3 or rather their complexified analogues and in addition is a real operator d phi d phi quad phi in c infty lambda p c t m p geq 0 the lie bracket complexifies to give a lie br,tokens,
idx-175,Discriminant locus,I,116,I,116,77,84,chapters/chapter03.tex,on factor see van der waerden let sigma z in d delta z 0 sigma is the discriminant locus of p we let pi d to d denote the projection on the first n 1 coordinates figure describes z p subset d ,phrase,
idx-176,Distinguished boundary,I,45,I,45,31,38,chapters/chapter02.tex,j and define partial 0d prod i 1 n partial d j we call partial 0d the distinguished boundary of d we remark that partial 0d is a proper subset of partial d and is homeomorphic to a real n dimensional to,phrase,
idx-177,Direct image sheaf,II,82,II,82,175,182,chapters/chapter06.tex,is a continuous map and f pi x is a sheaf of rings on x we define the direct image sheaf f f to be the sheaf of rings on y associated to the presheaf u mapsto f f 1 u example 33 if f x to y is a hol,phrase,
idx-178,Direct image sheaf,II,88,II,88,178,185,chapters/chapter06.tex,onical sheaf map f a f f to f g of sheaves over y item f is left exact that is given an exact sequence 0 to f xrightarrow a g xrightarrow b h of sheaves over x the sequence 0 to f ,reviewed-source-passage,
idx-179,Direct image sheaf,II,126,II,126,203,210,chapters/chapter06.tex,"t the trivial extension of the canonical resolution of $\mathcal F$).
\item[13*.] Let $f:X\to Y$ be a holomorphic map between complex manifolds and $\mathcal F$ be a sheaf of $\math",reviewed-source-passage,
idx-180,Direct sum of sheaves,II,78,II,79,173,180,chapters/chapter06.tex,v f z cap v definition6 1 7 let r be a sheaf of rings on x and f g be sheaves of r modules item the direct sum f oplus g of f and g is the sheaf of r modules associated to the presheaf u mapsto f u oplus g u item the ten,tokens,The indexed passage crosses the original page boundary.
idx-181,Divisor,I,8,I,8,8,15,chapters/chapter01.tex,te subset of omega we call the formal sum sum z in omega p z cdot z a divisor on omega we denote the set of divisors on omega by d omega d omega has the structure of an ordered abelian gr,phrase,
idx-182,Divisor,I,179,I,172,111,118,chapters/chapter04.tex,y complex manifold definition4 6 8 let m be a complex manifold a weil divisor on m is a formal sum sum i in in i cdot x i where x i i in i is a locally finite set of mutually distinct irr,phrase,"The divisor definition is on Part I p.172, not p.179 (blowing up)."
idx-183,Divisor!Cartier,I,173,I,173,112,119,chapters/chapter04.tex,ified pole and zero set with multiplicities definition4 6 9 a cartier divisor d on the complex manifold m consists of an open cover u i i in i of m together with meromorphic functions m i,phrase,
idx-184,Divisor!Weil,I,172,I,172,111,118,chapters/chapter04.tex,y complex manifold definition4 6 8 let m be a complex manifold a weil divisor on m is a formal sum sum i in in i cdot x i where x i i in i is a locally finite set of mutually distinct irr,phrase,
idx-185,Divisor class map,I,33,I,33,23,30,chapters/chapter01.tex,"$M$ is a compact Riemann surface.

\FieldHeading{Proposition}{1.5.4}{}\FieldTarget{proposition:1.5.4}{1.5.4} There is a natural homomorphism $[\ ]:\mathcal D(M)\to\operatorname{HLB}(M)$ satisfying the propert",reviewed-source-passage,
idx-186,Divisor class map,I,174,I,174,113,120,chapters/chapter04.tex,rod i in i p i n i in m u x clearly phi d u x m x x in m is a cartier divisor on m the map phi d m longrightarrow d m is easily seen to be an injective group homomorphism conversely suppose d u i m i ,tokens,
idx-187,Divisor class map,II,47,II,47,153,160,chapters/chapter05.tex,"[d][d']$ and $[d]^*=[-d]$.
\begin{originaltheorem}{Proposition}{5.9.4}\FieldTarget{proposition:5.9.4}{5.9.4}
The sequence
\[\mathcal M^*(M)\xrightarrow{\operatorname{div}}\mathcal D(M)\xrightarrow{[\ ]}\opera",reviewed-source-passage,
idx-188,Divisor group,I,8,I,8,8,15,chapters/chapter01.tex,te subset of omega we call the formal sum sum z in omega p z cdot z a divisor on omega we denote the set of divisors on omega by d omega d omega has the structure of an ordered abelian group if we define left sum z in omega p z cdot z pm sum z in omega q z cdot z right sum z in omega p pm q z cdot z,tokens,
idx-189,Divisor group,II,46,II,46,152,159,chapters/chapter05.tex,linear systems recall from hyperref sec 4 6 s 6 of chapter 4 that the group d m of divisors on a complex manifold m is the set of locally finite formal sums sum alpha in lambda n alpha v alpha where th,tokens,
idx-190,Divisor in normal crossings,I,183,I,183,118,125,chapters/chapter04.tex,onents of y passing through x we say that y is a hypersurface with or in normal crossings if 1 each irreducible component of y is non singular 2 for each x in y dp 1 x ldots dp k x form a linearly in,tokens,
idx-191,Divisor of meromorphic function!of one variable,I,8,I,8,8,15,chapters/chapter01.tex, of m omega except the zero function given m in m omega the divisor of m div m is defined to be sum z in omega ord m z cdot z div m omega to d omega is a homomorphism relative to t,reviewed-source-passage,The indexed passage crosses the original page boundary.
idx-192,Divisor of meromorphic function!on a Riemann surface,I,17,I,17,14,21,chapters/chapter01.tex,z ord m z to be ord m phi 1 phi z where u phi in a contains z and the divisor of m div m by ,phrase,
idx-193,Divisor of meromorphic function!on complex manifold,II,47,II,47,153,160,chapters/chapter05.tex, d d in d m we say that d and d are linearly equivalent if d d is the divisor of a meromorphic function we denote the group of linear equivalence classes of divisors on m by l m thus l m d m div m m given d in d d,tokens,
idx-194,Divisor sheaf,II,78,II,78,172,179,chapters/chapter06.tex,the quotient sheaf m o then d is a sheaf of abelian groups called the sheaf of germs of divisors on x we have the short exact sequence 0 to o to m to d to 0 observe that a continuous section of d over x is ,tokens,
idx-195,Divisors!on compact complex manifolds,I,172,I,172,111,118,chapters/chapter04.tex, give a local description of divisors on an arbitrary complex manifold definition4 6 8 let m be a complex manifold a weil divisor on m is a formal sum sum i in in i cdot x i where ,tokens,
idx-196,Divisors!on compact complex manifolds,I,173,I,173,112,119,chapters/chapter04.tex, we shall see later there is a close relationship between families of divisors on compact complex manifolds and embeddings into projective space our next definition is motivated by the cousin ii problem and the questi,phrase,
idx-197,Divisors!on compact complex manifolds,II,46,II,46,152,159,chapters/chapter05.tex,are irreducible analytic hypersurfaces of m here we suppose that m is compact and so we may assume that lambda is finite by theorem every divisor on m may be specified by a cartier divisor u i d i i in i d i in m u i d id j 1 in a u ij and two cartier diviso,tokens,
idx-198,Divisors!complex projective space,II,175,II,174,232,239,chapters/chapter07.tex,eray s theorem that h p p n c f 0 quad p n let h denote the hyperplane section bundle of p n c relative to the cover u h has transition functions phi ij z j z i for m in z we let h m denote the h,reviewed-source-passage,Source passage checked; see the stated snippet and original-page locator.
idx-199,Divisors!Riemann surface,I,17,I,17,14,21,chapters/chapter01.tex,mplex analytic atlas on m and m together with the atlas a is called a riemann surface remarks item we refer to charts u phi in a as complex analytic charts on m or just charts on m if the analyti,phrase,
idx-200,Divisors!linear equivalence,II,47,II,47,153,160,chapters/chapter05.tex,f d d is the divisor of a meromorphic function we denote the group of linear equivalence classes of divisors on m by l m thus l m d m div m m given d in d d we let l d denote the set of all divisors on m linearly equiv,tokens,
idx-201,Divisors!linear system of,II,50,II,50,155,162,chapters/chapter05.tex,pprox p omega d a family sigma of effective divisors on m is called a linear system of divisors on m if there exists a holomorphic line bundle e on m and a projective linear subspace v of p omega ,phrase,
idx-202,Dolbeault complex,II,76,II,76,171,178,chapters/chapter06.tex, let x be an n dimensional complex manifold for p q geq 0 we have the dolbeault complexes 0 to omega p xrightarrow i c p 0 xrightarrow partial c p 1 xrightarrow partial cdots xrightarrow pa,phrase,
idx-203,Dolbeault complex,II,81,II,81,174,181,chapters/chapter06.tex,gwedge p q m e infty c p q e and bigwedge p 0 m e omega p e using the dolbeault grothendieck lemma as in example 22 we find that the dolbeault complexes 0 to omega p e xrightarrow i c p 0 e,phrase,
idx-204,Dolbeault complex,II,105,II,105,190,197,chapters/chapter06.tex,em let x be an n dimensional complex manifold for p geq 0 we have the dolbeault complex 0 to omega p to c p 0 xrightarrow partial c p 1 xrightarrow partial cdots to c p n to 0 since the sheaves c p,phrase,
idx-205,Dolbeault complex,II,139,II,139,212,219,chapters/chapter07.tex,n disc and e is trivial exercise 2 hyperref sec 5 8 s 8 chapter 5 the dolbeault isomorphisms example 5 hyperref sec 6 3 s 3 chapter 6 imply that our assumption is equivalent to the vanishin,phrase,
idx-206,Dolbeault isomorphism,II,105,II,105,190,197,chapters/chapter06.tex, 0 since the sheaves c p q are fine p q geq 0 we therefore obtain the dolbeault isomorphisms ,tokens,
idx-207,Dolbeault isomorphism,II,106,II,106,190,197,chapters/chapter06.tex,rrow partial cdots xrightarrow partial c p n e to 0 and corresponding dolbeault isomorphisms h q x omega p e cong frac ker partial c p q m e to c p q 1 m e im partial c p q 1 m e to c p q m e quad p q g,tokens,
idx-208,Dolbeault--Grothendieck lemma,II,38,II,38,147,154,chapters/chapter05.tex,rtial phi otimes s partial phi otimes s 1 r s phi wedge partial s the dolbeault grothendieck lemma this section is devoted to the proof of an important result that plays the same role in the theory of complex,phrase,
idx-209,Domain of existence,I,66,I,66,45,52,chapters/chapter02.tex,ubsets of c definition2 4 7 let f in a omega we say that omega is the domain of existence of f if f cannot be analytically continued across any point of the boundary of omega remarks item every domai,phrase,
idx-210,Domain of holomorphy,I,58,I,58,40,47,chapters/chapter02.tex,ll denote a domain in c n definition2 4 1 a domain in c n is called a domain of holomorphy if whenever we are given open connected subsets u subset v subset c n with u subset omega such that f u exten,phrase,
idx-211,Domain of holomorphy,II,90,II,90,179,186,chapters/chapter06.tex,finition definition6 2 3 a manifold omega spread over c n is called a domain of holomorphy if for every analytic extension omega theta of omega theta is an isomorphism remark the reader may easily ver,phrase,
idx-212,Doubly periodic function,I,155,I,155,101,108,chapters/chapter04.tex, given z in c m z omega m z quad for all omega in l equivalently m is doubly periodic with periods omega 1 omega 2 m z omega 1 m z omega 2 m z quad all z in c we shall say that an l invariant mer,tokens,
idx-213,Dual pairing,II,4,II,4,126,133,chapters/chapter05.tex,enote the dual space of e and langle rangle e times e to r denote the dual pairing between e and e for p geq 0 we have dual pairings otimes p e times otimes p e to r lambda p e times lambda p ,phrase,
idx-214,Dual vector bundle,II,27,II,27,141,148,chapters/chapter05.tex,ions for e are anti holomorphic or equivalently if e is a holomorphic vector bundle remark the dual of an anti holomorphic vector bundle is anti holomorphic as are finite tensor exterior and symmetric products,tokens,
idx-215,$\bar\partial$-operator,II,32,II,34,145,152,chapters/chapter05.tex,cture vanishes see kobayashi and nomizu for further details it follows from theorem that if m is a complex manifold we can define for r s geq 0 operators partial c r s m to c r 1 s m an,reviewed-source-passage,Source passage checked; see the stated snippet and original-page locator.
idx-216,$\bar\partial$-operator,II,34,II,34,145,152,chapters/chapter05.tex,m theorem that if m is a complex manifold we can define for r s geq 0 operators partial c r s m to c r 1 s m and partial c r s m to c r s 1 m characterised by the identity d partial partial,phrase,
idx-217,$\bar\partial$-operator!for holomorphic vector bundle valued forms,II,36,II,36,146,153,chapters/chapter05.tex, partial e and partial e and just write partial and partial properties of the operators partial partial on bundle valued forms we shall only state properties for partial those for partial follow by,reviewed-source-passage,
idx-218,$\bar\partial$-operator!as morphism of sheaves,II,74,II,74,170,177,chapters/chapter06.tex,f the bundle bigwedge p q x of complex p q forms as in example 17 the operators partial and partial induce c module homomorphisms partial c p q longrightarrow c p 1 q partial c p q longrigh,phrase,
idx-219,$\bar\partial$-operator!as morphism of sheaves,II,76,II,76,171,178,chapters/chapter06.tex,an n dimensional complex manifold for p q geq 0 we have the dolbeault complexes 0 to omega p xrightarrow i c p 0 xrightarrow partial c p 1 xrightarrow partial cdots xrightarrow pa,reviewed-source-passage,The indexed passage crosses the original page boundary.
idx-220,$\bar\partial$-operator!as morphism of sheaves,II,81,II,81,174,181,chapters/chapter06.tex, as in hyperref sec 5 7 s 7 of chapter 5 we have extended the partial operator to e valued forms in the sequel we set bigwedge p q m e infty c p q e and bigwedge p 0 m e omega p e using th,phrase,
idx-221,Effective divisor,II,49,II,49,154,161,chapters/chapter05.tex,dmit meromorphic sections equivalently the manifold need not have any divisors definition5 9 9 we say that a divisor d sum alpha in lambda n alpha v alpha is effective or positive if n alpha geq 0 alpha in lambda we write d geq 0 suppose that d in d m we let l d denote the vec,tokens,
idx-222,Elliptic function,I,155,I,155,101,108,chapters/chapter04.tex,function on t is l elliptic clearly the set of poles and zeroes of an elliptic function is finite mod l theorem4 4 2 let m in m t and div m sum i 1 k n i cdot z i then item displaystyle sum i 1 kre,phrase,
idx-223,Elliptic function,II,56,II,56,158,165,chapters/chapter05.tex,k 1 ldots n and sum k 1 nn ka k 0 it is easily verified that m d is l elliptic and defines a meromorphic function on t with divisor d the theory of theta functions of more than 1 complex variable is highly developed and we ,tokens,
idx-224,Embedded resolution of singularities,I,183,I,183,118,125,chapters/chapter04.tex, a non singular hypersurface we now wish to say a few words about the embedded resolution of singularities first we give a definition suppose that y is an analytic hypersurface in the complex manifold n for each x in,phrase,
idx-225,Embedded resolution of singularities,I,184,I,184,118,125,chapters/chapter04.tex,q 0 now suppose x is an analytic subset of the complex manifold m the embedded resolution of singularities theorem asserts that we can find a proper map pi m longrightarrow m of complex manifolds which is a locally f,phrase,
idx-226,Embedding!of Stein manifolds,I,143,I,143,94,101,chapters/chapter04.tex,ning and rossi and hormander example 6 the open unit disc d in c is a stein manifold we shall construct a proper embedding of d in c 3 the main part of our construction will be to find a proper analytic map f d longrightarrow c 2 for n,tokens,
idx-227,Embedding!of complex 1-dimensional tori,I,158,I,158,103,110,chapters/chapter04.tex,"raic submanifold of $P^2(\mathbb C)$.

\FieldHeading{Theorem}{4.4.4}{}\FieldTarget{theorem:4.4.4}{4.4.4} The mapping $\phi:T\longrightarrow P^2(\mathbb C)$ defined by
\[
\phi(z)=(z^3\wp(z),z^3\wp'(z),z^3)",reviewed-source-passage,The indexed passage crosses the original page boundary.
idx-228,Embedding!of compact Riemann surface,II,197,II,197,246,253,chapters/chapter07.tex,nuation of exercises 6 7 of hyperref sec 7 5 s 5 let m be a compact riemann surface show that if z in m then i z p p z p geq 0 where i z denotes the ideal sheaf of z suppose that e is a holomor,reviewed-source-passage,
idx-229,Embedding!of complex tori,II,197,II,197,246,253,chapters/chapter07.tex,rref sec 5 9 chapter 5 s 9 we claim that t c n lambda is an abelian variety we shall prove this by showing that the holomorphic line bundle l h 1 on t is weakly positive and applying ko,reviewed-source-passage,
idx-230,Envelope of holomorphy,II,90,II,90,180,187,chapters/chapter06.tex,tension omega theta of omega satisfying the conditions of theorem the envelope of holomorphy of omega proof of theorem our proof follows that in malgrange step 1 existence of omega let f i denote the se,phrase,
idx-231,Espace \'etal\'e,II,72,II,72,169,176,chapters/chapter06.tex,sociated sheaf what we have called a sheaf is then referred to as the espace etale of the sheaf or presheaf in the sequel we usually use the same notation for the sheaf and its associated pres,phrase,
idx-232,Essential singularity,I,5,I,5,7,14,chapters/chapter01.tex,h that a j 0 j n and a n ne 0 item c neither a or b occurs zeta is an essential singularity of f in case b f is an example of a meromorphic function on omega with a single pole of order n at zeta we ma,phrase,
idx-233,Euclidean disc,I,45,I,45,31,38,chapters/chapter02.tex, we set e z r z in c n sum i 1 n z i a i 2 r 2 we call e z r the open euclidean disc centre a radius r in case z 0 we often abbreviate e z r to e r both polydiscs and euclidean discs will play a,phrase,
idx-234,Euler sequence,II,44,II,44,151,158,chapters/chapter05.tex,ctions are hyperplanes in p n c next we show that there exist natural exact sequences 0 to c to n 1 h to tp n to 0 0 to tp n to n 1 l to c to 0 here n 1 h denotes the n 1 fold direct sum of h sim,phrase,
idx-235,Euler sequence,II,45,II,45,152,159,chapters/chapter05.tex,ordinate functionals in view of the fact that t 1 q e we see that the euler sequence 0 to c xrightarrow t n 1 h xrightarrow xi tp n to 0 is exact taking the highest exterior power of the euler s,phrase,
idx-236,Euler vector field,II,44,II,44,151,158,chapters/chapter05.tex,a in c bullet proving that q x is well defined on p n c we define the euler vector field e on c n 1 setminus 0 by e z 0 ldots z n sum i 0 nz i partial partial z i ,phrase,
idx-237,Exact form,II,11,II,11,131,138,chapters/chapter05.tex,n addition there exists a p 1 form zeta such that d zeta phi a closed form need not be exact though by poincare s lemma it is always locally exact that is if phi is an exact p form on m and x in m we ma,tokens,
idx-238,Exactness!of Dolbeault complex,II,76,II,76,171,178,chapters/chapter06.tex,quence of the dolbeault grothendieck lemma theorem that the dolbeault complexes are all exact item it follows from example 19 that if x is an n dimensional complex manifold we have a complex 0 to c to o ,reviewed-source-passage,"Grouped the three kinds of exactness under the common heading Exactness, rather than placing de Rham exactness beneath Dolbeault exactness."
idx-239,Exactness!of de Rham complex,II,76,II,75,171,178,chapters/chapter06.tex,es item let x be an n dimensional differential manifold the de rham complex is the sequence of c modules given by exterior differentiation 0 to c xrightarrow i d x xrightarrow d c 1 xri,reviewed-source-passage,"Source passage checked; see the stated snippet and original-page locator.; Grouped the three kinds of exactness under the common heading Exactness, rather than placing de Rham exactness beneath Dolbeault exactness."
idx-240,Exactness!of sheaf sequence,II,75,II,75,170,177,chapters/chapter06.tex,ow sheaf cohomology enables us to measure the deviation from presheaf exactness of a given sheaf exact sequence we should also mention the important class of coherent o x modules that we introduce in chapter for which it ,tokens,"Grouped the three kinds of exactness under the common heading Exactness, rather than placing de Rham exactness beneath Dolbeault exactness."
idx-241,Exceptional curve of first kind,I,185,I,185,119,126,chapters/chapter04.tex,xceptional variety of the blowing up is e we call such a variety e an exceptional curve of first kind we can now define an equivalence relation between compact complex surfaces we say that the surfaces m and n a,phrase,
idx-242,Exceptional variety,I,177,I,177,114,121,chapters/chapter04.tex,of c n at zero we call 0 the centre of the blowing up e is called the exceptional variety it is easy to see that sigma is a complex submanifold of c n times p n 1 c and we shall now construct an expl,phrase,
idx-243,Exhaustion function,I,86,I,86,58,65,chapters/chapter02.tex,0 complete since omega is holomorphically convex we may find a normal exhaustion k n n geq 1 of omega choose an increasing sequence u n of relatively compact open subsets of omega such that ,tokens,
idx-244,Exhaustion function,II,62,II,62,162,169,chapters/chapter05.tex,perref sec 2 5 s 5 chapter 2 that phi in c r infty m is said to be an exhaustion function for m if for all c in r m c x in m phi x c is a relatively compact subset of m definition5 10 7 a complex man,phrase,
idx-245,Exotic complex structure,I,166,I,166,108,115,chapters/chapter04.tex,f c n n geq 3 this is in sharp contrast to what happens in case n 1 6 exotic complex structures brieskorn and van de ven 1 let a a 0 ldots a n be an n 1 tuple of strictly positive integers let x a subset c,tokens,
idx-246,Exponential sequence,II,116,II,116,197,204,chapters/chapter06.tex,riant of complex line bundles first observe that we have an exact sheaf sequence 0 to z xrightarrow i d xrightarrow exp d to 0 here i z to d denotes the inclusion and exp d to d is defined b,reviewed-source-passage,
idx-247,Exponential sequence,II,117,II,117,197,204,chapters/chapter06.tex,item let x be a complex manifold as in example 10 we have a short exact sequence 0 to z xrightarrow i o xrightarrow exp o to 0 of sheaves on x and we see that h 1 x o is isomorphic to the gr,reviewed-source-passage,
idx-248,Exterior algebra of vector space,II,2,II,2,125,132,chapters/chapter05.tex,mple 3 given a vector space e otimes e lambda e and odot e are graded vector space algebras with respective algebra operations of tensor product exterior or wedge product and symmetric product lambda e is commutative proposition5 1 4 let e and f be vector spaces ,tokens,
idx-249,Exterior algebra of vector space!of complexification of complex vector space,II,22,II,22,137,144,chapters/chapter05.tex,on with other operations such as contraction or tensor product is one of the main advantages of working with the complexifications of e and e next we look at the exterior algebras of ce and ce by theorem we have the canonical isomorphisms mu lambda p ce longrightarrow bigoplus r s p lambda r,tokens,
idx-250,Exterior differentiation,II,11,II,11,130,137,chapters/chapter05.tex,ave the operation d c infty lambda p t m to c infty lambda p 1 t m of exterior differentiation and the corresponding sequence c infty m xrightarrow dc infty t m xrightarrow d cdots xrightarrow dc infty la,phrase,
idx-251,Exterior differentiation,II,28,II,28,141,148,chapters/chapter05.tex,e lambda p c t m are called complex differential p forms on m p geq 0 exterior differentiation complexifies to give an operator on complex differential forms which we shall continue to denote by d we note,phrase,
idx-252,Fine resolution,II,98,II,98,185,192,chapters/chapter06.tex,eaves f i is soft resp fine proposition6 3 8 every sheaf f on x has a fine resolution let f denote the sheaf of germs of not necessarily continuous sections of f example 2 above and let epsilon f,phrase,
idx-253,Fine sheaf,II,97,II,97,184,191,chapters/chapter06.tex, sum i in i eta i i the identity morphism of f proposition6 3 6 every fine sheaf is soft let f be a fine sheaf over x k subset x be closed and s in f k by lemma we may find an open neighbour,phrase,
idx-254,First Chern class,II,177,II,117,197,204,chapters/chapter06.tex,complex line bundle define c 1 l delta l in h 2 x z we call c 1 l the first chern class of l we see that l c the trivial line bundle if and only if c 1 l 0 fix an open cover u u i i in i of x such ,phrase,First Chern class is defined on Part II p.117; 177 is a transcription/index digit error.
idx-255,Flabby sheaf,II,97,II,97,184,191,chapters/chapter06.tex,ections of f thus f u will be the set of all sections of f over u the sheaf f is obviously fine in fact it is also flabby every section of f over an open subset of x extends ,tokens,
idx-256,Flabby sheaf,II,125,II,125,203,210,chapters/chapter06.tex,s 1 integrate frac i2h over a period parallelogram item recall that a sheaf f of groups over a topological space x not necessarily paracompact is flabby if for all open subsets u of x the sequence f x to f u to 0 is exact prove label alph item if 0 to f to g to ,tokens,
idx-257,Flag manifold,I,150,I,150,98,105,chapters/chapter04.tex,manifolds let 0 p 1 p 2 cdots p k leq n be a sequence of integers the flag manifold f p 1 ldots p k n is defined to be the set of all nested sequences l p 1 subset l p 2 subset cdots subset l p,phrase,
idx-258,Fractional power series,I,125,I,125,82,89,chapters/chapter03.tex,ge x observe that if y t p and we define y r p t r then we obtain the fractional power series or puiseaux series solution z phi y 1 p to f y z 0 further details may be found in walker item let f f 1 ldot,phrase,
idx-259,Fr\'echet space,II,159,II,159,223,230,chapters/chapter07.tex,oducts of frechet spaces are frechet if g is a closed subspace of the frechet space e then g and e g are frechet we shall prove that e g is frechet if g is a closed subspace of e and leave the ,phrase,
idx-260,Fr\'echet sheaf,II,163,II,163,226,233,chapters/chapter07.tex,n7 3 7 a sheaf f of o modules on a complex manifold m is said to be a frechet sheaf if label alph item for each open subset u of m f u is a frechet space item the restriction maps r vu f u to f,phrase,
idx-261,Free resolution,I,126,I,126,83,90,chapters/chapter03.tex,htarrow u 1 o 0 p 0 xrightarrow u 0m to 0 such a sequence is called a free resolution of m it is also referred to as a chain of syzygies for m see gunning and rossi or nagata suppose that for som,phrase,
idx-262,Free sheaf of modules,II,80,II,80,173,180,chapters/chapter06.tex,1 8 suppose f is a sheaf of r modules on x we say that f is a locally free sheaf of r modules of rank p if f is locally isomorphic to r p we say that f is free of rank p if f cong r p the ne,phrase,
idx-263,"Fundamental region (for $\operatorname{SL}(2,\mathbb{Z})$)",I,153,I,153,100,107,chapters/chapter04.tex,s d it is not hard to show that the region d in the figure below is a fundamental region for sl 2 z acting on h for details see lang or robert ,phrase,
idx-264,Genus,I,19,I,19,15,22,chapters/chapter01.tex,le surface such surfaces are classified up to diffeomorphism by their genus or number of handles see hirsch however genus does not classify m up to biholomorphic equivalence unless m is,phrase,
idx-265,Genus,II,192,II,192,243,250,chapters/chapter07.tex, sheets in particular if g 0 m p 1 c we remark that g is actually the genus of m in particular g is a topological rather than analytic invariant of m to see that g is the genus of m tha,phrase,
idx-266,Geometric genus,II,52,II,52,156,163,chapters/chapter05.tex,ndle l on m for it to determine an embedding of m in projective space geometric genus let m be a compact complex manifold of dimension m and let k m denote the canonical bundle lambda mtm of m we,phrase,
idx-267,Germ!of function,I,99,I,99,66,73,chapters/chapter03.tex,ghbourhood of a by the power series p conversely if f a in o a is the germ of an analytic function f in a u u in u a we define theta 1 f a to be the convergent power series of f at a clearly theta is a ring i,tokens,
idx-268,Germ!set,I,118,I,118,78,85,chapters/chapter03.tex,z f a f 1 0 a z f a clearly depends only on f a and not on the choice of representative function for f a we let a a denote the set of all germs at a of analytic sets thus x a in a a if and only if there exists f a in o a p such that x a z f a ,tokens,
idx-269,Germ!section (of sheaf),II,67,II,67,166,173,chapters/chapter06.tex, the oka presheaf of the complex manifold x then o x is just the ring of germs of analytic functions at x see also hyperref sec 3 1 chapter 3 s 1 hyperref sec 4 1 chapter 4 s 1 ,tokens,
idx-270,Graded vector space,II,1,II,1,124,131,chapters/chapter05.tex,section will be assumed real and finite dimensional definition5 1 1 a graded vector space e is a collection e 0 e 1 ldots of vector spaces indexed by the positive integers we write e e 0 e 1 ldots an,phrase,
idx-271,Graded vector space!algebra,II,2,II,2,125,132,chapters/chapter05.tex,ponent is displaystyle bigoplus r s ne r otimes f s definition5 1 3 a graded vector space algebra consists of a graded vector space e together with a morphism of degree zero phi e otimes e longrightarrow e w,phrase,
idx-272,Grassmann manifold,I,148,I,148,97,104,chapters/chapter04.tex, of k dimensional complex linear subspaces of c n we call g k n c the grassmann manifold of k planes in c n we shall first show that g k n c is in bijective correspondence with a closed subset of p ,phrase,
idx-273,Grassmann manifold!coordinates,I,149,I,149,97,104,chapters/chapter04.tex,c the scalars a i 1 cdots i k are called the cayley plucker grassmann coordinates on g k n c next we shall construct a complex analytic atlas for g k n c we let k denote the set of ordered su,phrase,
idx-274,Grauert finiteness theorem for pseudoconvex domains,II,168,II,168,229,236,chapters/chapter07.tex,"n{originaltheorem}{Theorem}{7.4.2 (Grauert \cite{bib:II:grauert-h:3})}\FieldTarget{theorem:7.4.2}{7.4.2}
Let $M$ be an S.L.p. domain in $\widehat M$. Then for any coherent sheaf $\mathcal F$ on $\widehat ",reviewed-source-passage,
idx-275,Grauert theorem on holomorphic convexivity of s.L.p. domains,II,171,II,171,230,237,chapters/chapter07.tex, frechet spaces taking a d oplus r b 0 oplus r in schwartz finiteness theorem we deduce the finiteness of h p w f p geq 1 theorem7 4 3 grauert an s l p domain is holomorphically convex let m be an s l p domain in m it is enough to show that given p in partial m there ,tokens,
idx-276,Grauert vanishing theorem for weakly positive vector bundles,II,192,II,192,243,250,chapters/chapter07.tex,g theorem in this section we prove a version of the kodaira embedding theorem due to grauert the main step in the proof is a cohomology vanishing theorem for coherent sheaves on a compact complex manifold admitting a weakly positive vector bundle for the definition of weak positivity see hyperref sec 5 10 s 10 chapter 5 first some notation suppose that e is ,tokens,
idx-277,Grothendieck splitting theorem for holomorphic vector bundles on $\mathbb{P}^1(\mathbb{C})$,II,186,II,186,240,247,chapters/chapter07.tex,"n $\mathbb{P}^1(\mathbb{C})$.

\begin{originaltheorem}{Theorem}{7.5.8}\FieldTarget{theorem:7.5.8}{7.5.8}
(Grothendieck). Let $E$ be a holomorphic vector bundle on $\mathbb{P}^1(\mathbb{C})$ of rank $k$. T",reviewed-source-passage,
idx-278,Grothendieck splitting theorem for holomorphic vector bundles on $\mathbb{P}^1(\mathbb{C})$,II,190,II,190,242,249,chapters/chapter07.tex,ful to recall that dim cp m c n 1 binom m nn item show that grothendieck s theorem theorem is equivalent to the following statement about invertible holomorphic matrices regarding p ,reviewed-source-passage,
idx-279,H-pseudoconvex,I,87,I,87,59,66,chapters/chapter02.tex,ple see bremermann vladimirov if we say that a domain omega in c n is h pseudoconvex if it contains all its generalised hartogs figures then it is straightforward to show that omega is h pseudoc,phrase,
idx-280,Hartogs figure,I,55,I,55,38,45,chapters/chapter02.tex,uired analytic extension of f to d the pair d p is called a euclidean hartogs figure setcounter enumi3 item suppose d p is as in example 3 and g d to c n is biholomorphic onto the image of g set,phrase,
idx-281,Hartogs figure!generalised,I,55,I,55,38,45,chapters/chapter02.tex,uired analytic extension of f to d the pair d p is called a euclidean hartogs figure setcounter enumi3 item suppose d p is as in example 3 and g d to c n is biholomorphic onto the image of g set,phrase,
idx-282,Hartogs theorem!extension of analytic functions,I,53,I,53,36,43,chapters/chapter02.tex, analytic maps for a proof of osgood s theorem and further examples and references we refer to r narasimhan we conclude this section by stating an important result on the singularities of analytic functions due to hartog s suppose that z is a subset of the domain omega in c n and f is holomorphic on omega setminus z we say that ,tokens,
idx-283,Hartogs theorem!extension of analytic functions,I,57,I,57,39,46,chapters/chapter02.tex,is connected f f 0 v on omega setminus k and so f 0 v is the required analytic extension of f remark an alternative proof of hartog s theorem based on the bochner martinelli integral formula may be found in bochner see also harvey page 355 bib i harvey f r 2 ,tokens,
idx-284,Hartogs theorem!separate analyticity,I,45,I,46,32,39,chapters/chapter02.tex,hen f is analytic on omega much less trivial is the amazing theorem of hartogs which states that if f is ,reviewed-source-passage,Source passage checked; see the stated snippet and original-page locator.
idx-285,Hartogs theorem!singularities of analytic functions,I,53,I,53,36,43,chapters/chapter02.tex,simhan we conclude this section by stating an important result on the singularities of analytic functions due to hartog s suppose that z is a subset of the domain omega in c n and f is holomorphic on omega setminus ,phrase,
idx-286,Hermitian form,II,58,II,58,159,166,chapters/chapter05.tex,s l l l on c n lambda item let lambda be a lattice in c n and h be an hermitian form whose imaginary part is integer valued on lambda times lambda show that l h 1 is a holomorphic line bundle on,phrase,
idx-287,Hermitian form!on complex manifold,II,59,II,59,160,167,chapters/chapter05.tex,choice of basis for e definition5 10 1 let m be a complex manifold an hermitian form on m is a section h of tm otimes tm such that h x is an hermitian form on t xm for all x in m remark we may e,phrase,
idx-288,Hermitian form!on complex manifold,II,119,II,119,199,206,chapters/chapter06.tex,section of l otimes l over each u i which defines a positive definite hermitian form on the fibres glueing together using a smooth partition of unity we obtain a global section of l otimes l whi,phrase,
idx-289,Hessian,I,73,I,73,50,57,chapters/chapter02.tex, 1 n a ijv i v j quad v v 1 ldots v n in r n let phi in c 2 r n r the hessian of phi is the continuous map h phi r n to q n r defined by h phi x left frac partial 2 phi partial x i partia,phrase,
idx-290,Hilbert Syzygy theorem,I,126,I,126,83,90,chapters/chapter03.tex,h a finite free resolution of m is said to have length s theorem3 6 1 hilbert syzygy theorem every o 0 module has a free resolution of length n it is sufficient to show that for any free resolution of m,phrase,
idx-291,Hodge conjecture,II,124,II,124,202,209,chapters/chapter06.tex,z times h 2 x z to h 2n x z approx z so we have a special case of the hodge conjecture due to lefschetz every class in h 1 1 x z has a poincare dual represented by an integral combination of analy,phrase,
idx-292,Holomorphic convexivity,I,62,I,62,42,49,chapters/chapter02.tex,sup z in k f z definition2 4 4 a domain omega is said to be holomorphically convex if given any compact subset k subset omega the set k z in omega f z leq f k for all f in a omega is compact r,reviewed-source-passage,
idx-293,Holomorphic convexivity!of s.L.p. domain,II,171,II,171,230,237,chapters/chapter07.tex,"n{originaltheorem}{Theorem}{7.4.3 (Grauert \cite{bib:II:grauert-h:3})}\FieldTarget{theorem:7.4.3}{7.4.3}
An S.L.p. domain is holomorphically convex.
\end{originaltheorem}
\begin{proof}
Let $M$ be an S.L.p",reviewed-source-passage,
idx-294,Holomorphic line bundle,I,32,I,32,23,30,chapters/chapter01.tex,n surface m if the theta ij are all analytic we shall say that e is a holomorphic line bundle over m examples 9 if m is a riemann surface tm and tm are holomorphic line bundles over m 10 let hlb m denote,phrase,
idx-295,"Holomorphic line bundle!on projective space, group structure",II,185,II,185,239,246,chapters/chapter07.tex,maps for the remainder of this section we make a preliminary study of holomorphic vector bundles on projective space proposition7 5 7 the group of holomorphic line bundles on p n c is isomorphic to the infinite cyclic group generated by the hyperplane section bundle h firs,tokens,
idx-296,Holomorphic line bundle!on complex torus,II,53,II,53,156,163,chapters/chapter05.tex,riod lattice lambda and pi c n to t denote the quotient map if l is a holomorphic line bundle on t then pi l is a holomorphic line bundle on c n as usual pi l denotes the pull back of the bundle l by pi ,phrase,
idx-297,Holomorphic tangent (cotangent) bundle,II,29,II,29,141,148,chapters/chapter05.tex,has the structure of an anti holomorphic vector bundle we call tm the holomorphic tangent bundle of m and tm the anti holomorphic tangent bundle of m we reserve these terms for the appropriate subbundles of,phrase,
idx-298,Holomorphic tangent space to boundary of s.L.p. domain,II,60,II,60,161,168,chapters/chapter05.tex,ial m given a defining function phi for m we may define the holomorphic tangent space t x partial m to partial m at x by t x partial m v in t xm d phi x v 0 set t partial m bigcup x in partial mt,reviewed-source-passage,
idx-299,Holomorphic vector bundle,II,26,II,26,140,147,chapters/chapter05.tex,suppose that m is a complex manifold definition5 5 2 an m dimensional holomorphic vector bundle e over m consists of a complex manifold e and holomorphic map p e to m together with a family phi i e u i to ,phrase,
idx-300,Holomorphic vector bundle,II,80,II,80,173,180,chapters/chapter06.tex, say the sheaf is free of rank p see definition below item let e be a holomorphic vector bundle of dimension p over the complex manifold x then e is locally isomorphic to o p that is we may find an open ne,phrase,
idx-301,Holomorphic vector bundle!on $\mathbb{P}^1(\mathbb{C})$,II,185,II,185,239,246,chapters/chapter07.tex, o we now work towards a classification of holomorphic vector bundles on p 1 c suppose l in hlb p 1 c and s in m l now deg div s is independent of s and depends only on l hyperref sec 1 5 ,phrase,
idx-302,Holomorphic vector bundles on $\mathbb{P}^n(\mathbb{C})$!universal bundle,II,42,II,42,150,157,chapters/chapter05.tex, subset c n 1 we start this subsection by constructing this tautological line bundle see also exercise 2 hyperref sec 4 3 s 3 chapter 4 ,reviewed-source-passage,The indexed passage crosses the original page boundary.
idx-303,Holomorphic vector bundles on $\mathbb{P}^n(\mathbb{C})$!hyperplane section bundle,II,43,II,43,150,157,chapters/chapter05.tex,l bundle l of l for reasons that will soon become clear we call h the hyperplane section bundle of p n c for p in z we define h p otimes ph p geq 0 otimes pl p leq 0 note that the transition functions thet,phrase,
idx-304,Holomorphic vector bundles on $\mathbb{P}^n(\mathbb{C})$!Euler sequence,II,44,II,44,151,158,chapters/chapter05.tex, hyperplanes in p n c next we show that there exist natural exact sequences 0 to c to n 1 h to tp n to 0 0 to tp n to n 1 l to c to 0 here n 1 h denotes the n 1 fold direct sum of h sim,reviewed-source-passage,The indexed passage crosses the original page boundary.
idx-305,Holomorphic vector bundles on $\mathbb{P}^n(\mathbb{C})$!existence of non-trivial meromorphic sections,II,182,II,182,237,244,chapters/chapter07.tex,eorem now for some applications of serre s theorem theorem7 5 4 every holomorphic vector bundle e on p n c has a non trivial meromorphic section by statement a of theorem there exists m 0 such that h 0 p n c e m 0 generates e m 0 z for all z in p n c in ,tokens,
idx-306,Holomorphically complete,I,86,I,86,58,65,chapters/chapter02.tex, definition2 5 19 a domain omega in c n is said to be 0 complete or holomorphically complete if there exists phi in c r infty omega such that item phi is strictly psh item for every a in r omega a z in ,phrase,
idx-307,Holomorphically complete,II,62,II,62,162,169,chapters/chapter05.tex,ies q 1 complete item we often refer to 0 complete manifolds as being holomorphically complete theorem5 10 8 every stein manifold is 0 complete exactly the same as the proof of theorem remark we shall pro,phrase,
idx-308,Homogeneous coordinates,I,146,I,146,96,103,chapters/chapter04.tex,i leq n we may think of non zero n 1 tuples z 0 ldots z n as defining homogeneous coordinates on p n c here it is understood that two non zero n 1 tuples define the same point of p n c if and only if the,phrase,
idx-309,Homogeneous domain,I,139,I,139,91,98,chapters/chapter04.tex,f z z f y neq y y neq z and f 2 i e cartan classified all the bounded homogeneous domains in c 2 and c 3 proving that any such domain in c 2 is biholomorphic to either the unit polydisc or the unit e,tokens,
idx-310,Hopf fibration,I,146,I,146,96,103,chapters/chapter04.tex, remark the map q s 2n 1 longrightarrow p n c is called the hopf fibration of s 2n 1 in case n 1 it is a well known fact that the map q s 3 longrightarrow s 2 defines a non trivial ele,phrase,
idx-311,Hopf!manifold,I,164,I,164,106,113,chapters/chapter04.tex, 1 any complex manifold diffeomorphic to s 2n 1 times s 1 is called a hopf manifold and if n 1 a hopf surface as we shall see in chapter 10 hopf manifolds are never algebraic n neq 0 hopf surfa,phrase,
idx-312,Hopf!surface,I,164,I,164,106,113,chapters/chapter04.tex,feomorphic to s 2n 1 times s 1 is called a hopf manifold and if n 1 a hopf surface as we shall see in chapter 10 hopf manifolds are never algebraic n neq 0 hopf surfaces have been studied in g,phrase,
idx-313,Hopf $\sigma$-process,I,177,I,177,114,121,chapters/chapter04.tex,ic transform of c n at zero the monoidal transform of c n at zero the hopf sigma process of c n at zero we call 0 the centre of the blowing up e is called the exceptional variety it is easy to see t,tokens,
idx-314,Hyperelliptic curve,I,159,I,159,103,110,chapters/chapter04.tex,1 and admits a 2 fold branched cover over p 1 c the surface is called hyperelliptic we have more to say about these matters in chapter 10 see also griffiths and harris hartshorne and gunning fo,tokens,
idx-315,Hyperplane in projective space,I,147,I,147,96,103,chapters/chapter04.tex, zero set of the polynomial a 0z 0 cdots a nz n is called a complex hyperplane every complex hyperplane is biholomorphic to p n 1 c and the set of complex hyperplanes is in bijective corre,reviewed-source-passage,
idx-316,Hyperplane section bundle!on projective space,II,43,II,43,150,157,chapters/chapter05.tex,l bundle l of l for reasons that will soon become clear we call h the hyperplane section bundle of p n c for p in z we define h p otimes ph p geq 0 otimes pl p leq 0 note that the transition functions thet,phrase,
idx-317,Hyperplane section bundle!sections of,II,43,II,43,150,157,chapters/chapter05.tex,l bundle l of l for reasons that will soon become clear we call h the hyperplane section bundle of p n c for p in z we define h p otimes ph p geq 0 otimes pl p leq 0 note that the transition functions thet,phrase,
idx-318,Hyperplane section bundle!Chern class,II,119,II,119,199,206,chapters/chapter06.tex,ooth section of l otimes l item we compute the 1st chern class of the hyperplane section bundle h of p 1 c let u u 0 u 1 be the open cover of p 1 c corresponding to the canonical atlas the transition funct,phrase,
idx-319,Hyperplane section bundle!Chern class,II,185,II,185,239,246,chapters/chapter07.tex, on p n c is isomorphic to the infinite cyclic group generated by the hyperplane section bundle h first note that the group generated by h in hlb p n c is infinite cyclic indeed h p is isomorphic to c if a,phrase,
idx-320,Hyperplane section bundle of submanifold of projective space,II,46,II,46,152,159,chapters/chapter05.tex, if x is a closed complex submanifold of p n c we may pull back restrict the hyperplane section bundle of p n c to x we denote the resulting bundle on x by h x we remark that the zero sets of holomorphic sections of,tokens,
idx-321,Hypersurface,I,167,I,167,109,116,chapters/chapter04.tex,d and x be a proper analytic subset of m we say that x is an analytic hypersurface of m if for each x in x there exists u in u x and f in a u such that x cap u f 1 0 before stating the next pr,phrase,
idx-322,Hypersurface!in normal crossings,I,183,I,183,118,125,chapters/chapter04.tex,onents of y passing through x we say that y is a hypersurface with or in normal crossings if 1 each irreducible component of y is non singular 2 for each x in y dp 1 x ldots dp k x form a linearly in,phrase,
idx-323,Hypersurface!of degree $d$,I,172,I,172,112,119,chapters/chapter04.tex,n to be irreducible as a polynomial let d degree p we say that x is a hypersurface of degree d now suppose d 1 let p n c denote the set of hyperplanes in p n c see also hyperref sec 4 4 s 4 every hyperpla,phrase,
idx-324,Hypersurface!in Stein manifold,II,141,II,141,213,220,chapters/chapter07.tex,iate consequence of theorem we have theorem7 2 3 let x be an analytic hypersurface in the stein manifold m provided that h 2 m z 0 there exists f in a m such that label arabic item x z f item ,phrase,
idx-325,Hypersurface!in Stein manifold,II,142,II,142,213,220,chapters/chapter07.tex,ightarrow a 0 0f m to 0 this proves 2 examples 3 let x be an analytic hypersurface in the stein manifold m and suppose that h 2 m z 0 we claim that h q m o x 0 q geq 1 indeed by theorem there ,phrase,
idx-326,Ideal presheaf (of analytic set),II,67,II,67,165,172,chapters/chapter06.tex, o x that is for each u in u i z u is an ideal of a u we call i z the ideal presheaf of z item let e denote a holomorphic vector bundle over x for each u in u we let e u denote the space of holo,phrase,
idx-327,Instanton bundle,II,189,II,189,241,248,chapters/chapter07.tex,fication of a class of rank 2 vector bundles over p 3 c the so called instanton bundles which give rise to self dual solutions of the yang mills field equations an important feature here is the app,tokens,
idx-328,Integration (of forms),II,12,II,12,131,138,chapters/chapter05.tex,e we have a natural r linear map int m c c 0 lambda m t m to r called integration if m has boundary partial m necessarily orientable then we have stokes theorem int partial m phi int m d phi ,phrase,
idx-329,Interior product,II,5,II,5,127,134,chapters/chapter05.tex,e conclude this section by describing the operation of contraction or interior product of tensors first observe that since the dual pairing e times e to r is bilinear it corresponds to a linear ma,phrase,
idx-330,Inverse function theorem,I,44,I,44,31,38,chapters/chapter02.tex,c diffeomorphism is necessarily biholomorphic for the same reason the inverse function theorem implicit function theorem and rank theorem all hold for analytic mappings see dieudonne or field ,phrase,
idx-331,Inverse image sheaf,II,81,II,81,174,181,chapters/chapter06.tex, of rings on y we shall define a sheaf f 1 f of rings on x called the inverse image sheaf of f to this end the stalk of f 1 f at x in x will be equal as a ring to f f x we let f 1 f be the disjoint u,phrase,
idx-332,Inverse image sheaf,II,82,II,82,175,182,chapters/chapter06.tex,ysis but are considerably more difficult to describe and analyse than inverse image sheaves the full analysis of direct image sheaves requires the machinery of spectral sequences see godement a,tokens,
idx-333,Inverse image sheaf,II,87,II,87,178,185,chapters/chapter06.tex, if a f to g is a morphism of sheaves over y then we have a canonical sheaf map f 1 a f 1 f to f 1 g of sheaves over x ,reviewed-source-passage,The indexed passage crosses the original page boundary.
idx-334,Inverse image sheaf,II,88,II,88,178,185,chapters/chapter06.tex, item f 1 is exact that is given a short exact sequence 0 to f xrightarrow a g xrightarrow b h to 0 of sheaves over y the sequen,reviewed-source-passage,
idx-335,Irreducible!analytic set,I,170,I,170,110,117,chapters/chapter04.tex, which equals x such that x y cup z if x is not reducible we say x is irreducible theorem4 6 7 let x be an analytic hypersurface of the complex manifold m and x i i in i denote the set of con,phrase,
idx-336,Irreducible!components,I,171,I,171,111,118,chapters/chapter04.tex,remarks item we call the hypersurfaces x i constructed in theorem the irreducible components of x item theorems and hold for arbitrary analytic subsets of a complex manifold for proofs and further detai,phrase,
idx-337,Irreducible!domain,I,140,I,140,92,99,chapters/chapter04.tex, we say that a bounded symmetric domain is irreducible if it cannot be written as a product of symmetric domains of lower dimension e cartan proved that there exist,phrase,
idx-338,Irreducible!element of ring,I,106,I,106,71,78,chapters/chapter03.tex,1 let r be a commutative ring with identity item f in r is said to be irreducible or prime if any relation f gh g h in r implies that one or other of f and g is a unit item r is said to be a ,phrase,
idx-339,Irreducible!germ,I,107,I,107,71,78,chapters/chapter03.tex,o 0 lemma3 3 3 let w in o 0 z n be a weierstrass polynomial then w is irreducible in the ring o 0 z n if and only if it is irreducible in o 0 the other implication being trivial it is enough ,phrase,
idx-340,Irreducible!germ,I,122,I,122,80,87,chapters/chapter03.tex,tended applications definition3 5 10 we say that a germ x a in a a is irreducible if whenever x a y a cup z a y a z a in a a we have either x a y a or x a z a theorem3 5 11 a germ x a is irre,phrase,
idx-341,Irreducible!Weierstrass polynomial,I,107,I,107,71,78,chapters/chapter03.tex, where p j in o 0 z n then each p j is a weierstrass polynomial up to multiplication by units in o 0 set p degree w p j degree p j 1 leq j leq q taking z 0 we have z n p pro,phrase,
idx-342,Iwasawa manifold,I,167,I,167,108,115,chapters/chapter04.tex,inuously on c 3 the resulting complex manifold c 3 gamma is called an iwasawa manifold note that pi 1 c 3 gamma is not abelian analytic hypersurfaces in this section we make a global study of anal,phrase,
idx-343,Jacobi identity,II,13,II,13,131,138,chapters/chapter05.tex, in c infty t m item x y z y z x z x y 0 for all x y z in c infty t m jacobi identity item if f m to n is a c infty diffeomorphism then f x f y f x y for all x y in c infty t m f is the operation,phrase,
idx-344,Jumping of complex structure,I,164,I,164,106,113,chapters/chapter04.tex,k 1 here we shall describe the important and unpleasant phenomenon of jumping of complex structure that can occur on complex manifolds of dimension greater than one let d denote the open unit disc in c and ch,phrase,
idx-345,Kodaira embedding theorem,II,194,II,194,245,252,chapters/chapter07.tex, is ample respectively very ample then so is f k k geq 1 theorem7 6 2 kodaira embedding theorem let m be a compact complex manifold and suppose that e is a weakly positive vector bundle on m then m admits ,phrase,
idx-346,Koszul complex,II,88,II,88,179,186,chapters/chapter06.tex,y are metrizable as will always be the case if x y are manifolds item koszul complex let e be a holomorphic vector bundle of rank q on the complex manifold m and suppose s in omega e show that w,phrase,
idx-347,Koszul complex,II,142,II,143,214,221,chapters/chapter07.tex,r constructing resolutions of ideal or structure sheaves based on the koszul complex for details we refer the reader to griffiths and harris and hartshorne see also the exercises at the end of h,phrase,The indexed passage crosses the original page boundary.
idx-348,Koszul complex,II,143,II,143,214,221,chapters/chapter07.tex,r constructing resolutions of ideal or structure sheaves based on the koszul complex for details we refer the reader to griffiths and harris and hartshorne see also the exercises at the end of h,phrase,
idx-349,Koszul complex,II,190,II,190,242,249,chapters/chapter07.tex,that pmq is a diagonal matrix with diagonal terms z a j a j in z item koszul complex let a be a commutative ring with 1 and for m geq 1 let e 1 ldots e m denote the standard a module basis of a ,phrase,
idx-350,L.p. domain,I,79,I,79,54,61,chapters/chapter02.tex,olomorphic tangent vectors to partial omega then we say that omega is levi pseudoconvex abbreviated l p in case l phi is positive definite on holomorphic tangent vectors to partial omega we say ome,phrase,
idx-351,L.p. domain,II,61,II,61,161,168,chapters/chapter05.tex, example 1 let omega be an l p respectively s l p domain in c n then omega is 0 pseudoconvex respectively strictly 0 pseudoconvex remark in the sequel we shall always,phrase,
idx-352,Lattice,I,151,I,151,99,106,chapters/chapter04.tex,ga 1 ldots omega 2n be a real basis of c n and let l omega denote the lattice subgroup of c n defined by l omega left sum j 1 2nm j omega j m 1 ldots m 2n in z 2n right clearly l omega co,phrase,
idx-353,Laurent series!in one variable,I,3,I,3,6,13,chapters/chapter01.tex,ound in any of the many introductory texts on complex analysis item 1 laurent series let f be analytic on the annulus r z z 0 r derive the laurent series of f at z 0 f z sum n infty n infty a n ,phrase,
idx-354,Laurent series!in several variables,I,49,I,49,34,41,chapters/chapter02.tex,compact support see for example hormander or vladimirov theorem2 1 10 laurent series suppose f is analytic in the annular region a z in c n r j z j r j j 1 ldots n then f z sum m infty infty a m,phrase,
idx-355,Legendre's relation,II,55,II,55,158,165,chapters/chapter05.tex, period parallelogram for l equals 2 pi i omega 1 eta 2 omega 2 eta 1 legendre s relation exponentiating the integral of zeta we obtain a single valued analytic function called the weierstrass sigma ,phrase,
idx-356,Length (of resolution),I,126,I,126,83,90,chapters/chapter03.tex,0 q onto ker u s 1 such a finite free resolution of m is said to have length s theorem3 6 1 hilbert syzygy theorem every o 0 module has a free resolution of length n it is sufficient to ,phrase,
idx-357,Leray cover,II,111,II,111,193,200,chapters/chapter06.tex, rho u remarks item we call a cover satisfying the conditions of 1b a leray cover for f notice that the existence of a leray cover for f may imply that higher dimensional sheaf cohomology gro,phrase,
idx-358,Leray's theorem,I,13,I,13,12,19,chapters/chapter01.tex,f open sets of the cover u is convex and so h p u z 0 p ne 0 hence by leray s theorem theorem h 2 u z cong h 2 omega z ,phrase,
idx-359,Leray's theorem,II,109,II,109,192,199,chapters/chapter06.tex,f h p u s f 0 for all s in i p 1 and p 0 then rho u is an isomorphism leray s theorem undoubtedly the most elegant proof of this result uses spectral sequences see for example godement our proof ,phrase,
idx-360,Levi form,I,77,I,77,52,59,chapters/chapter02.tex,definition2 5 6 let d be an open subset of c n and phi in c 2 d r the levi form of phi is the map l phi d to h n c defined by l phi z left frac partial 2 phi partial z i partial z j right q,phrase,
idx-361,Levi form!on complex manifold,II,59,II,59,160,167,chapters/chapter05.tex,h definition5 10 2 let m be a complex manifold and phi in c r 2 m the levi form of phi is the 1 1 form defined by l phi partial partial phi since partial partial phi partial partial phi par,phrase,
idx-362,Levi pseudoconvex,I,79,I,79,54,61,chapters/chapter02.tex,olomorphic tangent vectors to partial omega then we say that omega is levi pseudoconvex abbreviated l p in case l phi is positive definite on holomorphic tangent vectors to partial omega we say ome,phrase,
idx-363,Levi pseudoconvex,II,61,II,61,161,168,chapters/chapter05.tex, be an l p respectively s l p domain in c n then omega is 0 pseudoconvex respectively strictly 0 pseudoconvex remark in the sequel we shall always refer to 0 pseudoconvex respectivel,reviewed-source-passage,
idx-364,Levi's problem,I,82,I,82,55,62,chapters/chapter02.tex,ow state one of the most famous problems in several complex variables levi s problem e e levi show that every levi pseudoconvex domain in c n is a domain of holomorphy levi s problem was answere,phrase,
idx-365,Levi's problem,II,172,II,172,231,238,chapters/chapter07.tex,sequence of points of m converging to p we may now give a solution to levi s problem theorem7 4 4 an s l p domain of a stein manifold is stein immediate from theorem remarks label arabic item su,phrase,
idx-366,Levi theorem,I,80,I,80,54,61,chapters/chapter02.tex, just as for convexivity levi pseudoconvexivity is a local property of the boundary more precisely we have proposition2 5 12 let omega be a,tokens,
idx-367,Lie algebra of vector fields on complex manifold,II,32,II,32,143,150,chapters/chapter05.tex,g the relationships if any between j and exterior differentiation and lie brackets definition5 7 1 the torsion of the almost complex structure j on m is the tensor field n in c infty lambda 2 t m otimes tm characterised by langle n x wedge y rangle jx jy x y j x jy j jx y where ,tokens,
idx-368,Lie bracket,II,12,II,12,131,138,chapters/chapter05.tex,tor field z such that l x l y l y l x l z in the sequel we call z the lie bracket of x and y and denote it by x y ,phrase,
idx-369,Lie bracket,II,28,II,28,141,148,chapters/chapter05.tex,l operator d phi d phi quad phi in c infty lambda p c t m p geq 0 the lie bracket complexifies to give a lie bracket on c infty c tm defined by x 1 iy 1 x 2 iy 2 x 1 x 2 y 1 y 2 i y 1 x 2 x 1,phrase,
idx-370,Lie derivative,II,12,II,12,131,138,chapters/chapter05.tex,efined by l x f mathsf c x df quad f in c infty m l x f is called the lie derivative of f with respect to x it is a basic result that this map of c infty t m into d m is a bijection this allows ,phrase,
idx-371,Lie derivative,II,13,II,13,132,139,chapters/chapter05.tex,ne l x c infty t m to c infty t m by l xy x y we refer to l xy as the lie derivative of y with respect to x we now extend the operator l x to c infty sections of arbitrary finite tensor and exte,phrase,
idx-372,Lie derivative,II,28,II,28,141,148,chapters/chapter05.tex,2 i y 1 x 2 x 1 y 2 where x 1 x 2 y 1 y 2 in c infty tm similarly the lie derivative complexifies to give a derivation l z of the full tensor algebra of c tm for all z in c infty c tm we remark ,phrase,
idx-373,Line bundle!complex,I,30,I,30,22,29,chapters/chapter01.tex,sional complex vector bundle we shall usually refer to e as a complex line bundle since gl c cong c bullet the transition functions for a complex line bundle may be equivalently given by non ,phrase,
idx-374,Line bundle!holomorphic,I,32,I,32,23,30,chapters/chapter01.tex,3 let theta ij u ij to gl c be the transition functions for a complex line bundle e over the riemann surface m if the theta ij are all analytic we shall say that e is a holomorphic line bundl,phrase,
idx-375,Line bundle!real,I,31,I,31,22,29,chapters/chapter01.tex, x cong c x in x perhaps we should remark that for the group rlb x of real line bundles on x l is isomorphic to l l in rlb x and so l 2 cong r for all l in rlb x 2 let m be a riemann surface with c,tokens,
idx-376,Linear equivalence of divisors,I,37,I,37,26,33,chapters/chapter01.tex,et m be a riemann surface and d d in d m we say d and d are linearly equivalent if d d div m for some m in m m show that d and d are linearly equivalent if and only if d cong d as holomorph,reviewed-source-passage,
idx-377,Linear equivalence of divisors,II,47,II,47,153,160,chapters/chapter05.tex,t if d d is the divisor of a meromorphic function we denote the group of linear equivalence classes of divisors on m by l m thus l m d m div m m given d in d d we let l d denote the set of all divisors on m linearly equiv,tokens,
idx-378,Linear system of divisors,II,50,II,50,155,162,chapters/chapter05.tex,pprox p omega d a family sigma of effective divisors on m is called a linear system of divisors on m if there exists a holomorphic line bundle e on m and a projective linear subspace v of p omega e such th,phrase,
idx-379,Local isomorphism of sheaves,II,80,II,80,174,181,chapters/chapter06.tex,t x be a complex manifold there is a bijective correspondence between isomorphism classes of locally free sheaves of o modules of finite rank over x and holomorphic vector bundles over x we have already indicated in example 29,tokens,
idx-380,Local isomorphism of sheaves,II,85,II,85,176,183,chapters/chapter06.tex, x f before proving our assertion we need to explain what is meant by local isomorphism of sheaves defined over different topological spaces for our example we require that we can find an open neighbourhood u,phrase,
idx-381,Local models,II,85,II,85,176,183,chapters/chapter06.tex,eneralises our earlier definition of analytic set first we define the local models for analytic spaces the local models for analytic spaces will be the set of all pairs z o z where z is an ana,phrase,
idx-382,Locally free resolution of coherent sheaves on $\mathbb{P}^n(\mathbb{C})$,II,183,II,183,238,245,chapters/chapter07.tex,ector bundle on projective space is algebraic theorem7 5 6 let f be a coherent sheaf on p n c then f has a resolution 0 to e n to e n 1 to cdots to e 0 to f to 0 by locally free sheaves we may require that for 0 leq j n the sheaf e j is isomorphic to a direct sum o a j k j just as in the proof ,tokens,
idx-383,Locally free sheaf,II,80,II,80,173,180,chapters/chapter06.tex,nition6 1 8 suppose f is a sheaf of r modules on x we say that f is a locally free sheaf of r modules of rank p if f is locally isomorphic to r p we say that f is free of rank p if f cong r p the ne,phrase,
idx-384,Maximum principle,I,4,I,4,6,13,chapters/chapter01.tex,c curves joining z 0 to y 0 then f c y 0 may not equal f c y 0 item 6 maximum principle let f be analytic on the domain omega in c if f has a maximum in omega then f is constant ,phrase,
idx-385,Maximum principle,I,49,I,49,34,41,chapters/chapter02.tex, to u cup v then h is unique exactly as for proposition theorem2 1 12 maximum principle let f in a omega and suppose there exists zeta in omega such that f z leq f zeta for all z in omega then f is,phrase,
idx-386,Meromorphic function!of one variable,I,5,I,5,7,14,chapters/chapter01.tex, zeta is an essential singularity of f in case b f is an example of a meromorphic function on omega with a single pole of order n at zeta we may write f z u z z zeta n z in d r zeta where u in a d r z,phrase,
idx-387,Meromorphic function!of several variables,I,33,I,111,74,81,chapters/chapter03.tex,"orphic functions} on $\mathbb C^n$.
\FieldHeading{Definition}{3.4.4}{}\FieldTarget{definition:3.4.4}{3.4.4} Let $\Omega$ be an open subset of $\mathbb C^n$. A map $m:\Omega\to\mathcal M$ is said to define a ",reviewed-source-passage,Source passage checked; see the stated snippet and original-page locator.
idx-388,Meromorphic function!on complex manifold,I,136,I,136,89,96,chapters/chapter04.tex, be a complex manifold a map m m longrightarrow m is said to define a meromorphic function on m if item for all x in m m x in m x item we may find an open neighbourhood u of every point x in m and f g,phrase,
idx-389,Meromorphic function!on complex torus,I,155,I,155,101,108,chapters/chapter04.tex,ga 1 m z omega 2 m z quad all z in c we shall say that an l invariant meromorphic function on c or equivalently a meromorphic function on t is l elliptic clearly the set of poles and zeroes of an elli,phrase,
idx-390,Meromorphic function!on complex torus,II,56,II,56,158,165,chapters/chapter05.tex, nn ka k 0 it is easily verified that m d is l elliptic and defines a meromorphic function on t with divisor d the theory of theta functions of more than 1 complex variable is highly developed and we ,phrase,
idx-391,Meromorphic function!on Riemann surface,I,17,I,17,14,21,chapters/chapter01.tex,let a w denote the ring of analytic functions on w we say that m is a meromorphic function on w if m phi 1 in m phi u cap w for all u phi in a a more careful definition can be made along the lines of ,phrase,
idx-392,Meromorphic function!on Riemann surface,II,192,II,192,243,250,chapters/chapter07.tex, m m such that div m d geq 0 item m may be represented as a branched over of p 1 c with at most g 1 sheets in particular if g 0 m p 1 c we remark that g is actually the genus of m in ,reviewed-source-passage,The indexed passage crosses the original page boundary.
idx-393,Meromorphic section!of vector bundle,I,33,I,33,23,30,chapters/chapter01.tex, i j s i theta ijs j quad on u ij a family m i in m u i will define a meromorphic section m of e if for all i j m i theta ijm j quad on u ij we denote the sets of analytic and meromorphic sections of,phrase,
idx-394,Meromorphic section!of vector bundle,II,47,II,47,153,160,chapters/chapter05.tex,j u ij to c bullet we say that a family m i in m u i i in i defines a meromorphic section of e if theta ijm j m i in m u ij i j in i we let m e denote the space of meromorphic sections of e and m e d,phrase,
idx-395,Meromorphic section!on $\mathbb{P}^n(\mathbb{C})$,II,182,II,182,237,244,chapters/chapter07.tex,rem7 5 4 every holomorphic vector bundle e on p n c has a non trivial meromorphic section by statement a of theorem there exists m 0 such that h 0 p n c e m 0 generates e m 0 z for all z in p n c in ,phrase,
idx-396,Minimal model,I,185,I,185,119,126,chapters/chapter04.tex,g ups and blowing downs we say that a complex surface is a relatively minimal model if and only if it does not contain any exceptional curves of the first kind every compact complex surface can,phrase,
idx-397,Mittag-Leffler theorem,I,10,I,10,10,17,chapters/chapter01.tex,w 0 is exact for every open subset omega of c i denotes inclusion the mittag leffler theorem gives conditions under which there exists a meromorphic function on omega with specified principal parts befo,phrase,
idx-398,Moduli space,I,154,I,154,101,108,chapters/chapter04.tex,analytic space of dimension 3g 3 this space of complex structures the moduli space will have singularities unfortunately no such global existence theorem holds in general for higher dimensiona,phrase,
idx-399,Moishezon manifold,I,186,I,186,119,126,chapters/chapter04.tex, same relatively minimal models if t m dimension m we say that m is a moishezon manifold if dimension m 2 every moishezon manifold is algebraic by a theorem of kodaira the theory of moishezon manifo,phrase,
idx-400,Monodromy theorem,I,4,I,4,6,13,chapters/chapter01.tex,ntically zero on the domain u in c prove that f u is open in c item 5 monodromy theorem let omega be a domain in c z 0 y 0 in omega and suppose f is analytic on some neighbourhood u of z 0 let c be,phrase,
idx-401,Monoidal transform,I,177,I,177,114,121,chapters/chapter04.tex,a are c n blown up at zero the quadratic transform of c n at zero the monoidal transform of c n at zero the hopf sigma process of c n at zero we call 0 the centre of the blowing up e is called the e,phrase,
idx-402,Montel's theorem,I,39,I,39,27,34,chapters/chapter01.tex, corollarya1 5 montel s theorem let omega be a domain in c and suppose that u n n geq 1 is a sequence in a omega which is uniformly bounded o,phrase,
idx-403,Montel's theorem,I,48,I,48,33,40,chapters/chapter02.tex,act subsets of omega to a function u then u in a omega corollary2 1 9 montel s theorem let u n n geq 1 be a sequence in a omega which is uniformly bounded on every compact subset of omega then the,phrase,
idx-404,Morphism of spread manifolds,II,89,II,89,179,186,chapters/chapter06.tex,ver c n and theta omega to omega is continuous we say that theta is a morphism of spread manifolds if pi theta pi that is if theta omega x omega x for all x in pi omega here we have set omega x pi 1 x omega x,phrase,
idx-405,Multi-index notation,I,46,I,45,32,39,chapters/chapter02.tex,an important role in the sequel next we briefly review some multi index notation if n denotes the positive integers including zero and n is a strictly positive ,reviewed-source-passage,Source passage checked; see the stated snippet and original-page locator.
idx-406,Nakayama's Lemma,I,128,I,128,84,91,chapters/chapter03.tex,emark the last paragraph of the proof of theorem is a special case of nakayama s lemma let r be a local ring with maximal ideal m and m be a finite r module then item a if m mm m 0 item b if n is ,phrase,
idx-407,Normal crossings,I,183,I,183,118,125,chapters/chapter04.tex,nts of y passing through x we say that y is a hypersurface with or in normal crossings if 1 each irreducible component of y is non singular 2 for each x in y dp 1 x ldots dp k x form a linearly in,phrase,
idx-408,Normal exhaustion,I,66,I,66,45,52,chapters/chapter02.tex,pact subsets of omega constructed in the proof of theorem is called a normal exhaustion of omega example 11 any open convex subset of c n is a domain of holomorphy indeed since k subset k c any ope,phrase,
idx-409,Normal exhaustion,I,70,I,70,47,54,chapters/chapter02.tex,heorem item let omega be holomorphically convex show that there exist normal exhaustions k n of omega that satisfy the additional property k n subset mathring k n 1 n geq 1 pseudoconvexivity the res,tokens,
idx-410,Normalised analytic function,I,104,I,104,69,76,chapters/chapter03.tex,n such that the conditions of the theorem hold for f we then say f is normalised in direction z n of course we can always simultaneously normalise any finite set of analytic functions item an immediate consequence of theorem is the weierstrass division theorem for germs of analytic functions ,tokens,
idx-411,Normalised analytic function!simultaneous normalisation,I,104,I,104,70,77,chapters/chapter03.tex, c n we may by remark 2 above assume that the functions are simultaneously normalised in the z n direction we can then choose a polydisc d times d s 0 in c n for which estimates 1 2 and 3 are val,reviewed-source-passage,
idx-412,Nullstellensatz,I,112,I,121,80,87,chapters/chapter03.tex,fact we do have equality and this fundamental result is the nullstellensatz ,reviewed-source-passage,Source passage checked; see the stated snippet and original-page locator.
idx-413,Nullstellensatz!for principal ideals,I,123,I,123,81,88,chapters/chapter03.tex, hence g a notin i z f a therefore i z f a subset f a corollary3 5 14 nullstellensatz for principal ideals let f a in o a then i z f a rad f a write f a p 1 r 1 cdots p s r s where the p j in o a are irreducible and ,phrase,
idx-414,Oka principle,II,143,I,143,94,101,chapters/chapter04.tex,entiably on a stein manifold we can do complex analytically oka s principle see also chapters 7 and 12 we have the following basic result analogous to whitney s embedding theorem theore,reviewed-source-passage,Source passage checked; see the stated snippet and original-page locator.
idx-415,Oka!presheaf,II,66,II,66,165,172,chapters/chapter06.tex, c valued functions on x in the sequel we usually refer to o x as the oka presheaf of x for each u let s u denote the multiplicatively closed subset of a u consisting of all analytic functions,phrase,
idx-416,Oka!sheaf,II,69,II,69,167,174,chapters/chapter06.tex,omplex manifold x the sheaf o x is often referred to as the oka sheaf of x we remark the important fact that a continuous local section of c x k resp d x o x over an open subset u,reviewed-source-passage,
idx-417,Oka!sheaf of analytic set,II,79,II,79,173,180,chapters/chapter06.tex, to u is isomorphic to o x u i z u and u mapsto o x u i z u defines a presheaf of rings on x we denote the associated sheaf by o z and observe that o z x 0 x notin z we call o z the oka or structure sheaf of z now o z is just the quotient sheaf o x i z and we have the short exact sequence 0 to i z to o x to o z to 0,tokens,
idx-418,Oka theorem,II,129,II,129,205,212,chapters/chapter07.tex, relations r f 1 ldots f p is a subsheaf of o u p of finite type this theorem due to oka is the fundamental result upon which the theory of coherent analytic sheaves rests in view of the local natur,tokens,
idx-419,Open mapping theorem for analytic maps,I,4,I,4,6,13,chapters/chapter01.tex,nded on some neighbourhood of z 0 use the result of question 2 item 4 open mapping theorem let f be analytic and not identically zero on the domain u in c prove that f u is open in c item 5 monodromy theorem let omega ,tokens,
idx-420,Open mapping theorem for analytic maps,I,49,I,49,34,41,chapters/chapter02.tex,nally another simple application of one variable theory theorem2 1 13 open mapping theorem let f in a omega and suppose that f is not constant then f is an open mapping that is f maps open subsets of omega to open subsets of c it is enough to prove that if e subset omega is any euclidean open disc,tokens,
idx-421,Open mapping theorem for Fr\'echet spaces,II,159,II,159,224,231,chapters/chapter07.tex,aightforward to verify that the seminorms p define the structure of a frechet space on e g theorem7 3 2 open mapping theorem let a e to f be a continuous surjective linear map between frechet spaces then a is open in particular if a i,tokens,
idx-422,"Order (of pole, zero)",I,7,I,7,8,15,chapters/chapter01.tex,id zero divisors suppose m in m omega and zeta in omega we define the order of m at zeta ord m zeta to be the smallest index with non zero coefficient in the laurent expansion of m at z,phrase,
idx-423,"Order (of pole, zero)",I,17,I,17,14,21,chapters/chapter01.tex,ts u phi in a we similarly define the pole set p m of m we define the order of m at z ord m z to be ord m phi 1 phi z where u phi in a contains z and the divisor of m div m by ,phrase,
idx-424,"Order (of pole, zero)",I,33,I,33,23,30,chapters/chapter01.tex,"et of non-zero meromorphic sections of $E$. As in \S\S3,4, we define $\operatorname{ord}(m,z)$, $m\in M(E)$, $z\in M$; $\operatorname{div}(m)$, $m\in M^*(E)$ and, if $M$ is compact, $\deg(\oper",reviewed-source-passage,
idx-425,Orientable manifold,I,136,I,136,90,97,chapters/chapter04.tex,wever have one elementary result proposition4 1 5 if the differential manifold m admits a complex structure then m is even dimensional and orientable m must obviously be even dimensional as c n is always of even real dimension as for the orientability notice ,tokens,
idx-426,Orientable manifold,II,12,II,12,131,138,chapters/chapter05.tex,ndles for p m and lambda m t m is a real line bundle we say that m is orientable if lambda m t m is isomorphic to the trivial line bundle r if m is orientable we have a natural r linear map ,tokens,
idx-427,Osgood's theorem,I,62,I,52,36,43,chapters/chapter02.tex, of biholomorphic maps and automorphisms by way of example we mention osgood s theorem if f omega subset c n to c n is an injective holomorphic map then f omega is open and f is biholomorphic onto,phrase,"Osgood's theorem is discussed after Rado's theorem on p.52, not p.62."
idx-428,$p$-cochain,II,107,II,107,191,198,chapters/chapter06.tex,er given s s 0 ldots s p in i p 1 set u s u s 0 cap cdots cap u s p a p cochain of u with values in f is a map c which assigns to each s in i p 1 a section c s in f u s and for which c s is,phrase,
idx-429,"$p$-cocycle, coboundary",II,107,II,107,191,198,chapters/chapter06.tex,in c p u f dc 0 quad b p u f dc c in c p 1 u f denote the groups of p cocycles and p coboundaries respectively here we take c 1 u f 0 and b 0 u f 0 since d 2 0 b p u f is a subgroup of z p u f and we let h p,tokens,
idx-430,$p$th. \v{C}ech cohomology group,II,113,II,113,195,202,chapters/chapter06.tex, may define check h p x f dirlim uh p u f we call check h p x f the p th v cech cohomology group of x with coefficients in f by part 1 of proposition we see that for p geq 0 we have canonical homomorphisms ,tokens,
idx-431,$p$th. cohomology group of $\mathcal{U}$ with values in $F$,II,107,II,107,191,198,chapters/chapter06.tex,h p u f denote the quotient group z p u f b p u f we call h p u f the p th cohomology group of u with values in f ,phrase,
idx-432,$p$th. sheaf cohomology group,II,99,II,99,185,192,chapters/chapter06.tex,oup definition6 3 9 the group h p x f constructed above is called the p th sheaf cohomology group of x with coefficients in the sheaf f theorem6 3 10 the sheaf cohomology groups of x satisfy the following ba,phrase,
idx-433,Partition of unity,I,11,I,11,10,17,chapters/chapter01.tex, i h i u in a u i it is then enough to take f i h i u step 1 choose a partition of unity theta alpha alpha in lambda subordinate to the cover u i i in i that is each theta alpha is a positive c inft,phrase,
idx-434,Partition of unity!of sheaf,II,97,II,97,184,191,chapters/chapter06.tex,required result definition6 3 5 a sheaf f pi x is fine if it admits a partition of unity of the identity morphism of f subordinate to any locally finite open cover of x that is given a locally finit,phrase,
idx-435,Period parallelogram,I,155,I,155,101,108,chapters/chapter04.tex,with vertices a a omega 1 a omega 2 a omega 1 omega 2 p a is called a period parallelogram for l and obviously pi p a t suppose m in m t clearly m m pi in m c and m is l invariant that is given z in c,phrase,
idx-436,Picard variety,I,36,I,36,25,32,chapters/chapter01.tex,f complex dimension g the group hlb 0 m is usually referred to as the picard variety of m and denoted by pic m whilst the dimension of pic m depends only on the genus on m its complex structure ,phrase,
idx-437,Picard variety,II,124,II,124,202,209,chapters/chapter06.tex,nnected complex lie group that is a complex torus pic x is called the picard variety of x the picard variety is an important birational invariant of x it is an abelian variety for this it is suf,phrase,
idx-438,Plurigenera,II,53,II,53,156,163,chapters/chapter05.tex,other bimeromorphic invariants related to the geometric genus are the plurigenera p r m defined by p r m dim c omega otimes rk m r 0 the proof that the plurigenera are invariant under blowing,phrase,
idx-439,Plurisubharmonic,I,85,I,85,57,64,chapters/chapter02.tex,omega be a domain in c n and phi omega to r be c 2 we say that phi is plurisubharmonic psh for short if l phi is positive semi definite on omega we say phi is strictly plurisubharmonic if l phi is,phrase,
idx-440,Plurisubharmonic,II,62,II,62,162,169,chapters/chapter05.tex,lex manifold and let phi in c r infty m we say that phi is strictly q plurisubharmonic abbreviated strictly q psh if l phi x has at least m q positive eigenvalues at every point x of m recall from,phrase,
idx-441,Plurisubharmonic!exhaustion function,I,87,I,87,58,65,chapters/chapter02.tex,all functions phi that satisfy the conditions of definition strictly psh exhaustion functions for omega notice that our definition of 0 completeness is invariant under biholomorphic maps and ma,reviewed-source-passage,
idx-442,Plurisubharmonic!exhaustion function,II,62,II,62,162,169,chapters/chapter05.tex,lex manifold and let phi in c r infty m we say that phi is strictly q plurisubharmonic abbreviated strictly q psh if l phi x has at least m q positive eigenvalues at every point x of m recall from,phrase,
idx-443,Plurisubharmonic!strict,I,85,I,85,57,64,chapters/chapter02.tex,omega be a domain in c n and phi omega to r be c 2 we say that phi is plurisubharmonic psh for short if l phi is positive semi definite on omega we say phi is strictly plurisubharmonic if l phi is,phrase,
idx-444,Plurisubharmonic!strict,II,62,II,62,162,169,chapters/chapter05.tex,lex manifold and let phi in c r infty m we say that phi is strictly q plurisubharmonic abbreviated strictly q psh if l phi x has at least m q positive eigenvalues at every point x of m recall from,phrase,
idx-445,Poincar\'e theorem,I,138,I,138,91,98,chapters/chapter04.tex,orphic domains of holomorphy they need not be biholomorphic example 2 theorem of poincare let d and e respectively denote the open unit polydisc centre zero and the open unit euclidean disc centre ze,tokens,
idx-446,Pole,I,5,I,5,7,14,chapters/chapter01.tex,se b f is an example of a meromorphic function on omega with a single pole of order n at zeta we may write f z u z z zeta n z in d r zeta where u in a d r zeta and the power series of ,phrase,
idx-447,Pole set!meromorphic function of one variable,I,7,I,7,8,15,chapters/chapter01.tex, z 0 z in omega m has a pole at z z m and p m are called the zero and pole set of m respectively clearly z m and p m are disjoint discrete subsets of omega assuming m not equiv 0 ,phrase,
idx-448,Pole set!meromorphic function on Riemann surface,I,17,I,17,14,21,chapters/chapter01.tex,where the union is over all charts u phi in a we similarly define the pole set p m of m we define the order of m at z ord m z to be ord m phi 1 phi z where u phi in a contains z and the di,phrase,
idx-449,Pole set!several variables,I,114,I,114,75,82,chapters/chapter03.tex,c sets z m p m and t m constructed above are called the zero set of m pole set of m and indeterminancy set of m respectively example 2 for n 1 the indeterminancy set is always empty see th,phrase,
idx-450,Polydisc,I,45,I,45,31,38,chapters/chapter02.tex, 1 n d r i a i z in c n z j a j r j we call d a r 1 ldots r n an open polydisc with centre a we may similarly define closed polydiscs in case r 1 cdots r n r we set d a r 1 ldots r n d a r,phrase,
idx-451,Positive divisor,II,49,II,49,154,161,chapters/chapter05.tex,dmit meromorphic sections equivalently the manifold need not have any divisors definition5 9 9 we say that a divisor d sum alpha in lambda n alpha v alpha is effective or positive if n alpha geq 0 alpha in lambda we write d geq 0 suppose that d in d m we let l d denote the vector subspace,tokens,
idx-452,Power series!in one variable,I,2,I,2,5,12,chapters/chapter01.tex,he basic theorem on the local representation of analytic functions by power series theorem1 1 2 let f in a omega given zeta in omega and r 0 such that d r zeta subset omega we have f z sum j 0,phrase,
idx-453,Power series!in several variables,I,47,I,47,33,40,chapters/chapter02.tex,"e{bib:I:harvey-f-r:1}.
\end{enumerate}
\FieldHeading{Theorem}{2.1.5}{}\FieldTarget{theorem:2.1.5}{2.1.5} Let $f\in A(\Omega)$ and $D\subset\Omega$ be a polydisc, centre $a$. Then
\[f(z)=\sum_m a_m(z-a)^m,",reviewed-source-passage,The indexed passage crosses the original page boundary.
idx-454,Power series ring,I,98,I,98,66,73,chapters/chapter03.tex, chapterthreeintroduction elementary properties of power series rings throughout this chapter c z 1 a 1 ldots z n a n or just c z a will denote the ring of convergent power series,tokens,
idx-455,Presheaf,II,65,II,65,164,171,chapters/chapter06.tex,be a topological space with topology of open sets u definition6 1 1 a presheaf of groups on x is a collection of groups g u one for each u in u together with group homomorphisms r vu g u t,phrase,
idx-456,Presheaf,II,72,II,72,168,175,chapters/chapter06.tex,triction homomorphisms in the obvious way we see that f f u r vu is a presheaf of rings on x proposition6 1 3 let f pi x denote a sheaf of rings on x then the sheafification of the preshea,phrase,
idx-457,"Presheaf cokernel, image, kernel",II,77,II,77,171,178,chapters/chapter06.tex, to g u denote the corresponding morphism of presheaves we define the presheaf kernel of a presheaf cokernel of a and presheaf image of a to be the presheaves given by u mapsto ker a u u mapsto coker a u and u mapsto im a u respectively we de,tokens,
idx-458,Presheaf!of continuous $\mathbb{C}$-valued or locally constant $\Gamma$-valued functions,II,66,II,66,165,172,chapters/chapter06.tex,es examples item for each u in u let c u denote the ring of continuous c valued functions on u given u v in u with v subset u define r vu c u to c v to be restriction of continuous,reviewed-source-passage,
idx-459,Presheaf!$C^k(C^\infty)$ functions,II,66,II,66,165,172,chapters/chapter06.tex,valued functions on x item suppose x has the structure of a differential manifold let c k u denote the ring of c k c valued functions on u u in u 1 leq k infty then c x k c k u r vu is a pres,reviewed-source-passage,
idx-460,Presheaf!analytic functions,II,66,II,66,165,172,chapters/chapter06.tex,functions on x in the sequel we usually refer to o x as the oka presheaf of x for each u let s u denote the multiplicatively closed subset of a u consisting of all analytic ,reviewed-source-passage,
idx-461,Presheaf!meromorphic functions,II,66,II,66,165,172,chapters/chapter06.tex,on m x m u r vu is a presheaf of rings on x the presheaf of meromorphic functions on x item let z be an analytic subset of the complex manifold x for each u in u let i z u f in a u ,reviewed-source-passage,
idx-462,Presheaf!ideals,II,67,II,67,165,172,chapters/chapter06.tex, presheaf of ideals of o x that is for each u in u i z u is an ideal of a u we call i z the ideal presheaf of z item let e denot,reviewed-source-passage,
idx-463,Presheaf!$O_X$-modules,II,67,II,67,165,172,chapters/chapter06.tex,presheaf e e u r vu is thus an example of a presheaf of o x modules we call e the presheaf of holomorphic sections of e in case e is a smooth not necessarily holomorphic vector ,reviewed-source-passage,
idx-464,Presheaf!holomorphic sections of holomorphic vector bundle,II,67,II,67,165,172,chapters/chapter06.tex,a u we call i z the ideal presheaf of z item let e denote a holomorphic vector bundle over x for each u in u we let e u denote the space of holomorphic sections of e over u each e u is an a u mod,reviewed-source-passage,
idx-465,Presheaf exactness,II,75,II,75,170,177,chapters/chapter06.tex, u of rings is exact for all u in u it is most important to note that presheaf exactness is not equivalent to sheaf exactness and a sheaf exact sequence will not generally give rise to a presheaf ex,phrase,
idx-466,Presheaf morphism,II,73,II,73,169,176,chapters/chapter06.tex,phism and therefore an open mapping we may similarly define morphisms between presheaves indeed suppose r r u r vu and s s u s vu are presheaves of rings on x then a morphism a r to s consists of a ,reviewed-source-passage,The indexed passage crosses the original page boundary.
idx-467,Projective embedding!of complex torus,I,158,I,158,103,110,chapters/chapter04.tex, provided that g 2 3 27g 3 2 neq 0 the next theorem gives an explicit embedding of the torus t as an algebraic submanifold of p 2 c theorem4 4 4 the mapping phi t longrightarrow p 2 c defined by phi z z,tokens,
idx-468,Projective embedding!of complex torus,II,197,II,197,246,253,chapters/chapter07.tex,rref sec 5 9 chapter 5 s 9 we claim that t c n lambda is an abelian variety we shall prove this by showing that the holomorphic line bundle l h 1 on t is weakly positive and applying ko,reviewed-source-passage,
idx-469,Projective embedding!compact Riemann surface,II,197,II,197,246,253,chapters/chapter07.tex,is a continuation of exercises 6 7 of hyperref sec 7 5 s 5 let m be a compact riemann surface show that if z in m then i z p p z p geq 0 where i z denotes the ideal sheaf of z suppose that e is a holomor,phrase,
idx-470,Projective space!complex,I,145,I,145,95,102,chapters/chapter04.tex,manifolds we start this section by constructing complex n dimensional projective space let p n c denote the set of complex lines through the origin of c n 1 we have a natural projection map q c n ,phrase,
idx-471,Projective space!algebraic set,I,146,I,146,96,103,chapters/chapter04.tex,mplex multiples of one another proposition4 3 2 complex n dimensional projective space has the natural structure of a complex manifold for 0 leq i leq n define open subsets u i of p n c by u i z 0,phrase,
idx-472,Properly discontinuous action,I,162,I,162,105,112,chapters/chapter04.tex,re only countably many complex tori that admit complex multiplication properly discontinuous actions let m be a complex manifold and aut m denote the group of biholomorphic transformations of m denote t,phrase,
idx-473,Proper map,I,138,I,138,91,98,chapters/chapter04.tex,t there exist no proper holomorphic maps of d into e see alexander by proper we mean a map such that inverse images of compact sets are compact ,tokens,
idx-474,Property (R),II,146,II,146,215,222,chapters/chapter07.tex,act a m convex subset of the stein manifold m we say that k possesses property r if given any open neighbourhood u of k and coherent sheaf f on u we can find an open neighbourhood v of k con,phrase,
idx-475,Property (R),II,149,II,149,217,224,chapters/chapter07.tex,jective we now apply proposition 2 to deduce that k infty b possesses property r contradiction therefore s infty and k possesses property r lemma7 2 12 every compact a omega convex subset k ,phrase,
idx-476,Property (R),II,151,II,151,218,225,chapters/chapter07.tex, 14 every compact a m convex subset k of a stein manifold m possesses property r proposition7 2 15 let f be a coherent sheaf on the stein manifold m then h q m f 0 q geq 2 using lemma we may,phrase,
idx-477,Property (S),I,61,I,61,41,48,chapters/chapter02.tex,mal definition definition2 4 2 we say that the domain omega possesses property s if given any sequence z n subset omega which converges to a point z in partial omega there exists f in a omeg,phrase,
idx-478,Pseudoconvex,I,85,I,85,57,64,chapters/chapter02.tex,er or vladimirov definition2 5 18 a domain omega in c n is said to be pseudoconvex if log d x is psh we now define a very strong form of pseudoconvexivity ,phrase,
idx-479,Pseudoconvex!H-,I,87,I,87,58,65,chapters/chapter02.tex,o give a brief discussion of some continuity principles that hold for pseudoconvex domains motivation for the next definition is given by the proof of theorem definition2 5 21 a domain omega i,phrase,
idx-480,Pseudoconvex!Levi,I,79,I,79,54,61,chapters/chapter02.tex,rphic tangent vectors to partial omega then we say that omega is levi pseudoconvex abbreviated l p in case l phi is positive definite on holomorphic tangent vectors to partial omega we say ome,phrase,
idx-481,Pseudoconvex!strictly Levi,I,79,I,79,54,61,chapters/chapter02.tex,inite on holomorphic tangent vectors to partial omega we say omega is strictly levi pseudoconvex abbreviated s l p exactly as we did for convex subsets of r n we may prove lemma2 5 10 suppose o,phrase,
idx-482,Pseudoconvex!$q$-,II,60,II,60,161,168,chapters/chapter05.tex,dary suppose that m has defining function phi then we say that m is q pseudoconvex respectively strictly q pseudoconvex if for all x in partial m we have n x leq q quad respectively n x z x le,phrase,
idx-483,Pseudoconvex!strictly $q$-,II,60,II,60,161,168,chapters/chapter05.tex,dary suppose that m has defining function phi then we say that m is q pseudoconvex respectively strictly q pseudoconvex if for all x in partial m we have n x leq q quad respectively n x z x le,phrase,
idx-484,Puiseux series,I,125,I,125,82,89,chapters/chapter03.tex,ge x observe that if y t p and we define y r p t r then we obtain the fractional power series or puiseaux series solution z phi y 1 p to f y z 0 further details may be found in walker item let f f 1 ldot,phrase,
idx-485,Pull-back!of vector bundle,I,37,I,37,25,32,chapters/chapter01.tex,theta ijf are transition functions for a vector bundle f e over x the pull back bundle of e by f verify that up to vector bundle isomorphism f e depends only on e and f and not on any choic,phrase,
idx-486,Pull-back!of divisor,I,37,I,37,25,32,chapters/chapter01.tex,theta ijf are transition functions for a vector bundle f e over x the pull back bundle of e by f verify that up to vector bundle isomorphism f e depends only on e and f and not on any choic,phrase,
idx-487,Pull-back!of sheaf,II,81,II,81,174,181,chapters/chapter06.tex,on y we shall define a sheaf f 1 f of rings on x called the inverse image sheaf of f to this end the stalk of f 1 f at x in x will be equal as a ring to f f x we let f 1 f be the disjoint u,reviewed-source-passage,The indexed passage crosses the original page boundary.
idx-488,Pull-back!of sheaf,II,82,II,82,174,181,chapters/chapter06.tex,e relation between f 1 e and the sheaf of holomorphic sections of the pull back bundle f e now f 1 e is an f 1 o y module rather than an o x module however o x is naturally an f 1 o y modul,phrase,
idx-489,Pull-back!of sheaf,II,87,II,87,178,185,chapters/chapter06.tex, if a f to g is a morphism of sheaves over y then we have a canonical sheaf map f 1 a f 1 f to f 1 g of sheaves over x ,reviewed-source-passage,The indexed passage crosses the original page boundary.
idx-490,Pull-back!of sheaf,II,88,II,88,178,185,chapters/chapter06.tex,morphism f a f f to f g of sheaves of o x modules item f is right exact item f is generally not left exact item let x y be metrizable topological spaces and f x to y be a proper con,reviewed-source-passage,The indexed passage crosses the original page boundary.
idx-491,$q$-complete manifold,II,62,II,62,162,169,chapters/chapter05.tex,item clearly q complete implies q 1 complete item we often refer to 0 complete manifolds as being holomorphically complete theorem5 10 8 every stein manifold is 0 complete exactly the same as the pr,tokens,
idx-492,$q$-complete manifold,II,63,II,63,163,170,chapters/chapter05.tex,ths theorem h bib ii griffiths p 1 serre simha vesentini let m be a p complete manifold and f 1 ldots f q 1 in a m set z z f 1 ldots f q 1 then we claim that y m setminus z is p q complete in parti,tokens,
idx-493,$q$-plurisubharmonic function,II,62,II,62,162,169,chapters/chapter05.tex,lex manifold and let phi in c r infty m we say that phi is strictly q plurisubharmonic abbreviated strictly q psh if l phi x has at least m q positive eigenvalues at every point x of m recall from,tokens,
idx-494,$q$-pseudoconvex manifold,II,60,II,60,161,168,chapters/chapter05.tex, definition5 10 3 let m be a relatively compact domain of the complex manifold m and assume that m has c 2 boundary suppose that m has defining function phi then we say that m is q pseudoconvex respectively strictly q pseudoconvex if for all x in partial m we have n x leq q quad respectively n x z x le,tokens,
idx-495,$q$-pseudoconvex manifold,II,63,II,63,162,169,chapters/chapter05.tex,m has c 2 boundary and m is stein then it can be shown that if m is q pseudoconvex then m is q complete see eastwood and vigna suria we only remark here that if q 0 then the proof that q pseud,tokens,
idx-496,Quadratic transform,I,177,I,177,114,121,chapters/chapter04.tex,er commonly used terms to describe sigma are c n blown up at zero the quadratic transform of c n at zero the monoidal transform of c n at zero the hopf sigma process of c n at zero we call 0 the cent,phrase,
idx-497,Quotient of sheaves,II,78,II,78,172,179,chapters/chapter06.tex, suppose i f to g is the inclusion map of f as a subsheaf of g we define the quotient sheaf g f to be the sheaf associated to the presheaf u mapsto g u f u we have the corresponding short exact s,tokens,
idx-498,Radical (of ideal),I,120,I,120,79,86,chapters/chapter03.tex,oposition recall that if r is a commutative ring and i lhd r then the radical of i rad i is defined by rad i r in r for some positive integer p r p in i proposition3 5 6 for every germ x ,phrase,
idx-499,Rado's theorem,I,52,I,52,36,43,chapters/chapter02.tex,an important removable singularities theorem due to rado theorem2 2 4 rado s theorem let omega be a domain in c n and f in c 0 omega suppose that f is analytic on omega setminus f 1 0 then f is ,phrase,
idx-500,Rational function,I,148,I,148,97,104,chapters/chapter04.tex,nalytic subset of p n c is algebraic remark we say that a meromorphic function on p n c is rational if it can be expressed as the quotient of two homogeneous polynomials of the same degree one consequence of c,tokens,
idx-501,Rational function!on projective space,II,175,I,175,114,121,chapters/chapter04.tex, divisors see hartshorne pages 140 142 bib i hartshorne r 2 example 3 let m in m p n c then div m sum i 1 qn i cdot x i where the x i are irreducible analytic hypersurfaces in p n,reviewed-source-passage,Source passage checked; see the stated snippet and original-page locator.
idx-502,Reducible analytic set,I,170,I,170,110,117,chapters/chapter04.tex,ts y z of m neither of which equals x such that x y cup z if x is not reducible we say x is irreducible theorem4 6 7 let x be an analytic hypersurface of the complex manifold m and x i i in i denote the set of connected components of reg x set x i x i i in i then item x i is an irreducible analytic hypersurface i in i item x i i in i is locally finite,tokens,
idx-503,Refinement map,II,112,II,112,194,201,chapters/chapter06.tex,2 is similar proposition6 3 17 let u v be open covers of x and v be a refinement of u given a sheaf f on x there exists a canonical homomorphism rho u v h p u f to h p v f satisfying item th,tokens,
idx-504,Regular point of analytic set,I,168,I,168,109,116,chapters/chapter04.tex, of x if x is not regular we say it is a singular point we denote the set of regular and singular points of x by reg x and sing x respectively remark a point x in x is a regular point of x if and only if we can fin,tokens,
idx-505,Reinhardt domain,I,50,I,50,34,41,chapters/chapter02.tex,apter 1 exercises item let omega be a domain in c n we say omega is a reinhardt domain if z 1 ldots z n in omega implies e i theta 1z 1 ldots e i theta nz n in omega for all theta 1 ldots theta n ,phrase,
idx-506,Relatively prime germs,I,112,I,112,74,81,chapters/chapter03.tex, exist f j g j in a u j such that m j f j g j and f j a and g j a are relatively prime for all a in u j immediate from proposition remark proposition is of course relatively trivial if n 1 every m,tokens,
idx-507,Reproducing property of kernel function,I,91,I,91,61,68,chapters/chapter02.tex,y now talk about the kernel function of the domain omega theorem2 6 5 reproducing property of the kernel function for all f in l 2 omega we have f z int omega f zeta k omega z zeta d lambda zeta take the fourier series expa,tokens,
idx-508,Resolution of module,I,126,I,126,83,90,chapters/chapter03.tex,s said to have length s theorem3 6 1 hilbert syzygy theorem every o 0 module has a free resolution of length n it is sufficient to show that for any free resolution of m xrightarrow u s o 0 p s 1 xrightarrow u s,tokens,
idx-509,Resolution (projective) of coherent sheaf,II,142,II,142,213,220,chapters/chapter07.tex,0 omega e 0 to f m is onto set k j im a j 0 leq j leq m the exactness of the resolution of f is equivalent to the exactness of the sequences 0 to k j 1 to e j to k j to 0 quad j 0 ldots m 1 our sta,reviewed-source-passage,The indexed passage crosses the original page boundary.
idx-510,Resolution (projective) of coherent sheaf,II,145,II,145,215,222,chapters/chapter07.tex,des a key step towards the proof of theorem b theorem7 2 6 let f be a coherent sheaf on the stein manifold m then there exists a free resolution of f over any relatively compact open subset omega of m 0 to o omega p m to cdots to o omega p 0 to f to 0 our p,tokens,
idx-511,Resolution (projective) of coherent sheaf,II,146,II,146,215,222,chapters/chapter07.tex,nvex subset k possesses property r then given an open neighbourhood u of k and coherent sheaf f on u we can find a stein open neighbourhood omega subset u of k and free resolution of f over omega 0 to o omega p m to cdots to o omega p 0 xrightarrow a 0f omega to 0 since k possesses property ,tokens,
idx-512,Resolution (projective) of coherent sheaf,II,183,II,183,238,245,chapters/chapter07.tex, analytic sheaves on projective space chow s theorem is one corollary of this correspondence another is that every holomorphic vector bundle on projective space is algebraic theorem7 5 6 let f be a coherent sheaf on p n c then f has a resolution 0 to e n to e n 1 to cdots to e 0 to f to 0 by locally free sheaves we may require that for 0 leq j n the she,tokens,
idx-513,Resolution of sheaf,II,98,II,98,185,192,chapters/chapter06.tex,he sheaf cohomology groups of a sheaf on x definition6 3 7 let f be a sheaf on x a resolution of f is a long exact sequence 0 to f to f 0 xrightarrow d 0 f 1 xrightarrow d 1 f 2 xrightarrow d 2 cdots a reso,tokens,
idx-514,Resolution of singularities,I,183,I,183,118,125,chapters/chapter04.tex,ngular hypersurface we now wish to say a few words about the embedded resolution of singularities first we give a definition suppose that y is an analytic hypersurface in the complex manifold n for each x in,phrase,
idx-515,Restriction of sheaf,II,81,II,81,174,181,chapters/chapter06.tex,with induced topology and i z to x denote the inclusion map if f is a sheaf on x we call i 1 f the restriction of f to z and denote it by f z or f z item let f be a sheaf of r modules on y and f x to y be continuous then f ,tokens,
idx-516,de Rham cohomology group,II,12,II,12,131,138,chapters/chapter05.tex,d phi quad phi in c c 1 lambda m 1 t m for p geq 0 we define the p th de rham cohomology group h dr p m r of m to be the quotient vector space h dr p m r bigl kerd c infty lambda p t m to c infty lambda p,phrase,
idx-517,de Rham cohomology group,II,105,II,105,189,196,chapters/chapter06.tex,frac kerd c p x to c p 1 x imd c p 1 to c p x quad p geq 1 denote the de rham cohomology groups of x corollary implies that h p dr x c cong h p x c quad p geq 0 in particular h p x c 0 p n we showed in exa,tokens,
idx-518,de Rham complex,II,75,II,75,171,178,chapters/chapter06.tex, o x modules item let x be an n dimensional differential manifold the de rham complex is the sequence of c modules given by exterior differentiation 0 to c xrightarrow i d x xrightarrow d c 1 xri,phrase,
idx-519,de Rham complex,II,104,II,104,189,196,chapters/chapter06.tex,d and 0 to c to c 0 xrightarrow d cdots xrightarrow d c n to 0 be the de rham complex of x since the sheaves c p are all fine the de rham complex is a fine resolution of the constant sheaf c let ,phrase,
idx-520,Riemann removable singularities theorem!in one variable,I,4,I,4,6,13,chapters/chapter01.tex, 0 then partial n f partial z n z 0 leq m t n t n quad n geq 0 item 3 riemann removable singularities theorem suppose that f is an analytic function in the punctured disc d r z 0 z 0 z z 0 r show that a necessary and su,phrase,
idx-521,Riemann removable singularities theorem!in several variables,I,51,I,51,35,42,chapters/chapter02.tex, exercises 1 2 in the appendix to chapter removable singularities the riemann removable singularities theorem for functions of one complex variable hyperref sec 1 2 s 2 chapter 1 implies that if x is a discrete subset o,phrase,
idx-522,Riemann removable singularities theorem!in several variables,I,145,I,145,95,102,chapters/chapter04.tex,w that the unit disc in c admits a proper embedding in c 2 item 5 2nd riemann removable singularities theorem let x be a complex submanifold of the domain omega in c n show that if codim x geq 2 then every analytic func,phrase,
idx-523,Riemann!domain,I,19,I,19,15,22,chapters/chapter01.tex,espect to which pi is locally biholomorphic the pair m pi is called a riemann domain or spreading of m over c riemann domains occur as the domains of maximal analytic continuation of analytic fu,phrase,
idx-524,Riemann!sphere,I,18,I,18,14,21,chapters/chapter01.tex,lomorphically equivalent or analytically isomorphic examples item the riemann sphere the riemann sphere is defined to be the 1 point compactification of c c cup infty and we shall denote it by e,phrase,
idx-525,Riemann!surface,I,16,I,16,13,20,chapters/chapter01.tex,surfaces as we shall see both the topology and complex structure of a riemann surface play a crucial role as is also the case in the theory of higher dimensional complex manifolds let u and v be ,phrase,
idx-526,Riemann form,I,160,I,160,104,111,chapters/chapter04.tex,linear in each variable separately and a x y a y x we say that a is a riemann form for t or l if item a l l subset z item a ix y is a symmetric positive definite form on c n example 3 every la,phrase,
idx-527,Riemann--Roch theorem,I,35,I,35,25,32,chapters/chapter01.tex,know that is onto it is an easy matter to prove riemann s part of the riemann roch theorem for any divisor d on m we have dim c omega d geq deg d 1 g ,phrase,
idx-528,Riemann--Roch theorem,II,191,II,191,242,249,chapters/chapter07.tex,on item let e be a holomorphic vector bundle on the compact riemann surface m given d in d m we set e d e otimes d suppose d d in d m and that d leq d set d d sum i 1 k p i z i ,reviewed-source-passage,The indexed passage crosses the original page boundary.
idx-529,Riemann's inequality,I,35,I,35,25,32,chapters/chapter01.tex,r 7 once we know that is onto it is an easy matter to prove riemann s part of the riemann roch theorem for any divisor d on m we have dim c omega d geq deg d 1 g ,reviewed-source-passage,
idx-530,Riemann's inequality,II,192,II,192,243,250,chapters/chapter07.tex,h 1 m o riemann roch formula deduce label alph item l d geq deg d 1 g riemann s inequality item if deg d geq g 1 there exists m in m m such that div m d geq 0 item m may be represented as a branched o,phrase,
idx-531,Runge approximation theorem,I,40,I,40,27,34,chapters/chapter01.tex,e as we shall see in chapter we shall now prove a special case of the runge approximation theorem the proof we give is modelled on that given in gamelin and hormander and uses the riesz representation theore,phrase,
idx-532,Runge approximation theorem,I,42,I,42,29,36,chapters/chapter01.tex,mply connected domain in c and f in a omega then there is a sequence of polynomials converging to f uniformly on compact subsets of omega show that if omega is not simply connected then there i,reviewed-source-passage,The indexed passage crosses the original page boundary.
idx-533,Runge domain,I,95,I,95,64,71,chapters/chapter02.tex,be generalised in the following way we say that omega subset c n is a runge domain if polynomials are dense in a omega it may be proved using an ingenious inductive argument due to oka that th,phrase,
idx-534,Runge domain,II,139,I,139,91,98,chapters/chapter04.tex, frankel and r narasimhan for further details if omega is a runge domain hyperref sec 2 7 s 7 chapter 2 then h r omega c 0 r geq n theorem of serre see also hormander theorem 2 7 11 ,reviewed-source-passage,Source passage checked; see the stated snippet and original-page locator.
idx-535,s.L.p. domain,I,79,I,79,54,61,chapters/chapter02.tex,inite on holomorphic tangent vectors to partial omega we say omega is strictly levi pseudoconvex abbreviated s l p exactly as we did for convex subsets of r n we may prove lemma2 5 10 suppose omega is a dom,phrase,
idx-536,s.L.p. domain,II,61,II,61,161,168,chapters/chapter05.tex, example 1 let omega be an l p respectively s l p domain in c n then omega is 0 pseudoconvex respectively strictly 0 pseudoconvex remark in the sequel we shall always,phrase,
idx-537,Schubert calculus,I,150,I,150,98,105,chapters/chapter04.tex,e section the homology of a grassmann manifold is described using the schubert calculus see griffiths and harris and also chern 7 flag manifolds let 0 p 1 p 2 cdots p k leq n be a sequence of integ,phrase,
idx-538,Schwarz lemma,I,5,I,5,6,13,chapters/chapter01.tex, item 7 schwarz lemma suppose f in a d 1 0 and satisfies f 0 0 and f z leq 1 z in d 1 0 then f z leq z and f 0 leq 1 equality holds,phrase,
idx-539,Schwartz finiteness theorem,II,160,II,160,224,231,chapters/chapter07.tex,"originaltheorem}
\begin{originaltheorem}{Theorem}{7.3.5 (L. Schwartz)}\FieldTarget{theorem:7.3.5}{7.3.5}
Let $A,B:E\to F$ be continuous linear maps between Fr\'echet spaces and suppose that $A$ is surject",reviewed-source-passage,
idx-540,"Sections of holomorphic vector bundle, finiteness theorem",II,41,II,41,150,157,chapters/chapter05.tex,f the partial operator we start by proving an elementary special case of a rather general finiteness theorem that we return to in chapter theorem5 9 1 let e be a holomorphic vector bundle on the compact complex manifold m then dim c omega e infty suppose that we are given a finite open cover u i ,tokens,
idx-541,Section of vector bundle,I,24,I,24,18,25,chapters/chapter01.tex,rivial bundle globally it may be twisted definition1 5 2 a continuous section of the vector bundle pi e to x is a continuous map s x to e such that pi s identity that is s x in e x for all x in x example if f,tokens,
idx-542,Section of sheaf defined over closed set,II,83,II,83,175,182,chapters/chapter06.tex," continuous at $x$.
\end{proof}
\begin{originaltheorem}{Lemma}{6.1.12}\FieldTarget{lemma:6.1.12}{6.1.12}
Let $S$ be a closed subset of the paracompact space $X$ and suppose that $\mathcal F$ is a sheaf on",reviewed-source-passage,
idx-543,Self-conjugate basis,II,24,II,24,138,145,chapters/chapter05.tex,e 0 quad j neq k similarly b and b are dual bases with respect to the self conjugate basis that we have constructed on ce every x in ce may be written uniquely in the form x sum j 1 m z j f j sum j 1 ,phrase,
idx-544,Segre embedding,I,148,I,148,97,104,chapters/chapter04.tex,mw n we leave it to the reader to verify that phi is an embedding the segre embedding 6 grassmann manifolds for 0 leq k leq n we let g k n c denote the set of k dimensional complex linear subspac,phrase,
idx-545,Serre duality theorem,II,184,II,184,238,245,chapters/chapter07.tex,em to appreciate the significance of theorem we first need to discuss serre s duality theorem in chapter 10 we shall prove serre s duality theorem for complex manifolds let m be a compact complex manifol,tokens,
idx-546,Serre theorems A and B,II,178,II,178,235,242,chapters/chapter07.tex, references and discussion concerning grauert s theorems theorem7 5 3 theorems a and b of serre let f be a coherent sheaf on p n c then there exists m 0 m 0 f in z such that label alph item for each z in p,tokens,
idx-547,Serre theorems A and B,II,189,II,189,241,248,chapters/chapter07.tex,in m e such that s z v item let m subset p n c be algebraic show that serre s theorems a and b hold for all coherent sheaves on m twist with the hyperplane section bundle restricted to m item verify tha,tokens,
idx-548,Sheaf cohomology group,II,99,II,99,185,192,chapters/chapter06.tex,efinition6 3 9 the group h p x f constructed above is called the p th sheaf cohomology group of x with coefficients in the sheaf f theorem6 3 10 the sheaf cohomology groups of x satisfy the following ba,phrase,
idx-549,Sheaf cohomology group!relative to open cover,II,107,II,107,191,198,chapters/chapter06.tex,the quotient group z p u f b p u f we call h p u f the p th cohomology group of u with values in f ,reviewed-source-passage,
idx-550,"Sheaf!cokernel, image, kernel",II,77,II,77,171,178,chapters/chapter06.tex,eaves by ker a coker a and im a respectively and refer to them as the sheaf kernel cokernel and image of a respectively remarks item it is easy to see that ker a is always equal to the presheaf kernel of a but t,tokens,
idx-551,Sheaf!quotient,II,78,II,78,172,179,chapters/chapter06.tex,e i f to g is the inclusion map of f as a subsheaf of g we define the quotient sheaf g f to be the sheaf associated to the presheaf u mapsto g u f u we have the corresponding short exact s,phrase,
idx-552,Sheaf exact sequence,II,75,II,75,170,177,chapters/chapter06.tex,te that presheaf exactness is not equivalent to sheaf exactness and a sheaf exact sequence will not generally give rise to a presheaf exact sequence the converse is always true in fact sheaf exactness,phrase,
idx-553,Sheaf exact sequence,II,77,II,77,172,179,chapters/chapter06.tex,ves of g item associated to a sheaf homomorphism a f to g we have the exact sheaf sequence 0 to ker a xrightarrow i f xrightarrow a g xrightarrow qcoker a to 0 here i and q are induced from the inclus,tokens,
idx-554,Sheaf!direct sum,II,79,II,79,173,180,chapters/chapter06.tex,t r be a sheaf of rings on x and f g be sheaves of r modules item the direct sum f oplus g of f and g is the sheaf of r modules associated to the presheaf u mapsto f u oplus g u item the ten,phrase,
idx-555,Sheaf!tensor product,II,79,II,79,173,180,chapters/chapter06.tex, r modules associated to the presheaf u mapsto f u oplus g u item the tensor product f otimes r g of f and g over r is the sheaf of r modules associated to the presheaf u mapsto f u otimes r u g,phrase,
idx-556,Sheaf morphism,II,73,II,73,169,176,chapters/chapter06.tex,morphisms of sheaves let f pi x and f pi x be sheaves of rings on x a sheaf morphism from f to f is a continuous map a f to f covering the identity on x such that if a x f x to f x denotes the m,phrase,
idx-557,Sheaf morphism!isomorphism,II,73,II,73,169,176,chapters/chapter06.tex,morphisms of sheaves let f pi x and f pi x be sheaves of rings on x a sheaf morphism from f to f is a continuous map a f to f covering the identity on x such that if a x f x to f x denotes the m,phrase,
idx-558,Sheaf morphism,II,73,II,73,169,176,chapters/chapter06.tex,morphisms of sheaves let f pi x and f pi x be sheaves of rings on x a sheaf morphism from f to f is a continuous map a f to f covering the identity on x such that if a x f x to f x denotes the m,phrase,
idx-559,Sheaf morphism!local isomorphism,II,80,II,80,173,180,chapters/chapter06.tex,bundle of dimension p over the complex manifold x then e is locally isomorphic to o p that is we may find an open neighbourhood u of each x in x such that e u cong o u p here the restricti,reviewed-source-passage,
idx-560,Sheaf of germs!of continuous $\mathbb{C}$-valued functions,II,69,II,69,166,173,chapters/chapter06.tex,he presheaf c x of continuous c valued functions on x we call c x the sheaf of germs of continuous c valued functions on x often we drop the subscript x and just write c this remark applies also to subsequent examples the stalk,phrase,
idx-561,Sheaf of germs!$C^\infty$ $\mathbb{C}$-valued functions,II,69,II,69,166,173,chapters/chapter06.tex,he presheaf c x of continuous c valued functions on x we call c x the sheaf of germs of continuous c valued functions on x often we drop the subscript x and just write c this remark applies also,phrase,
idx-562,Sheaf of germs!analytic functions,II,69,II,69,166,173,chapters/chapter06.tex,he presheaf c x of continuous c valued functions on x we call c x the sheaf of germs of continuous c valued functions on x often we drop the subscript x and just write c this remark applies also,phrase,
idx-563,Sheaf of germs!locally constant functions,II,70,II,70,167,174,chapters/chapter06.tex,morphic vector bundle over the complex manifold x we let e denote the sheaf of germs of holomorphic sections of e associated to the presheaf of holomorphic sections of e we see here that for eac,phrase,
idx-564,Sheaf of germs!meromorphic functions,I,115,I,111,74,81,chapters/chapter03.tex,bigcup a in c n m a disjoint union over c n m is called the sheaf of germs of meromorphic functions on c n definition3 4 4 let omega be an open subset of c n a map m omega to m is said to define a meromorphic ,reviewed-source-passage,Source passage checked; see the stated snippet and original-page locator.
idx-565,Sheaf of germs!meromorphic functions,I,135,I,136,89,96,chapters/chapter04.tex,e the disjoint union of the fields m x over m we call m the sheaf of germs of meromorphic functions on m definition4 1 4 let m be a complex manifold a map m m longrightarrow m is said ,reviewed-source-passage,Source passage checked; see the stated snippet and original-page locator.
idx-566,Sheaf of germs!meromorphic functions,II,70,II,70,167,174,chapters/chapter06.tex,morphic vector bundle over the complex manifold x we let e denote the sheaf of germs of holomorphic sections of e associated to the presheaf of holomorphic sections of e we see here that for eac,phrase,
idx-567,Sheaf of germs!divisors,II,78,II,78,172,179,chapters/chapter06.tex, examples start 24 item let o m respectively denote the oka sheaf and sheaf of germs of meromorphic functions on the complex manifold x we have the short exact sequence of sheaves of abelian gro,phrase,
idx-568,Sheaf of germs!sections of holomorphic vector bundle,II,70,II,70,167,174,chapters/chapter06.tex,morphic vector bundle over the complex manifold x we let e denote the sheaf of germs of holomorphic sections of e associated to the presheaf of holomorphic sections of e we see here that for eac,phrase,
idx-569,Sheaf of $O$-modules,II,70,II,70,167,174,chapters/chapter06.tex,here that for each x in x e x is an o x module and we refer to e as a sheaf of o modules for our particular example we see that e x is a free o x module of rank equal to the fibre dimension of e ite,phrase,
idx-570,Sheaf of relations,II,129,II,129,205,212,chapters/chapter07.tex,n u the kernel of f is a subsheaf r f 1 ldots f p of o u p called the sheaf of relations between f 1 ldots f p theorem7 1 3 let u be an open subset of m and f 1 ldots f p in o q u then the sheaf of ,phrase,
idx-571,Sheafification,II,68,II,68,166,173,chapters/chapter06.tex,he topological space r together with the projection map pi r to x the sheafification of the presheaf r or the sheaf associated to the presheaf r we denote the sheaf by the triple r pi x or more ,phrase,
idx-572,Short exact sequence of sheaves,II,75,II,75,170,177,chapters/chapter06.tex,he corresponding sequence 0 to e xrightarrow a f xrightarrow b g to 0 of sheaves is a short exact sequence of o x modules item let x be an n dimensional differential manifold the de rham complex is the sequence of c mod,tokens,
idx-573,Siegel domain (of second kind),I,141,I,141,92,99,chapters/chapter04.tex,if and only if u 0 item f u u in v for all u in c m definition4 2 3 a siegel domain of the second kind is a domain in c n m consisting of points y z such that im z f y y in v for some fixed v h,phrase,
idx-574,Singular cohomology,II,103,II,103,188,195,chapters/chapter06.tex,y define the cohomology groups h p x z p geq 0 we may also define the singular cohomology groups h p sing x z of x see spanier greenberg we claim that h p x z cong h p sing x z p geq 0 first let s p ,phrase,
idx-575,Singular point of analytic set,I,168,I,168,109,116,chapters/chapter04.tex, of x if x is not regular we say it is a singular point we denote the set of regular and singular points of x by reg x and sing x respectively remark a point x in x is a regular point of x if and only if we can fin,tokens,
idx-576,Singularity,I,20,I,20,16,23,chapters/chapter01.tex,x of c 2 now x will not be a complex submanifold of c 2 as there is a singularity or branch point at z 0 see chapter for terminology let pi x to c denote the restriction to x of the projectio,phrase,
idx-577,Soft sheaf,II,95,II,95,183,190,chapters/chapter06.tex,r which sheaf and presheaf exactness are equivalent definition6 3 1 a sheaf f pi x is said to be soft if for all closed subsets k of x and sections s in f k s extends to a continuous section of f over x that is ,tokens,
idx-578,Spreading!of domain in $\mathbb{C}^n$,II,89,II,89,179,186,chapters/chapter06.tex, n is a local homeomorphism not necessarily surjective we call pi the spreading of omega in c n given a spread manifold omega pi the map pi induces a complex structure on omega in the seque,phrase,
idx-579,Spreading!of Riemann surface,I,19,I,19,15,22,chapters/chapter01.tex, is locally biholomorphic the pair m pi is called a riemann domain or spreading of m over c riemann domains occur as the domains of maximal analytic continuation of analytic functions defin,phrase,
idx-580,Stalk (of sheaf),II,68,II,68,166,173,chapters/chapter06.tex,i x or more usually by the symbol r the ring r x pi 1 x is called the stalk of the sheaf at x let us summarise our construction given a presheaf r r u r vu of rings on x we have a ring ,phrase,
idx-581,Stein cover of compact Riemann surface,II,198,II,198,246,253,chapters/chapter07.tex, item show that every compact riemann surface m admits an open covering by two stein open sets hint embed m in p n c consider the intersection of m with two hyperplanes h 1 h 2 chosen so that m ,tokens,
idx-582,Stein manifold,I,142,I,142,93,100,chapters/chapter04.tex,ifold which satisfies properties 1 2 and 3 of proposition is called a stein manifold examples 4 every domain of holomorphy is a stein manifold we may think of stein manifolds as being a natural ,phrase,
idx-583,Stein manifold!embedding in $\mathbb{C}^n$,I,143,I,143,94,101,chapters/chapter04.tex,y roughly speaking what we can do continuously or differentiably on a stein manifold we can do complex analytically oka s principle see also chapters 7 and 12 we have the following basic result ,phrase,
idx-584,Stokes' theorem,II,12,II,12,131,138,chapters/chapter05.tex,ation if m has boundary partial m necessarily orientable then we have stokes theorem int partial m phi int m d phi quad phi in c c 1 lambda m 1 t m for p geq 0 we define the p th de rham cohomol,phrase,
idx-585,Strict transform,I,180,I,180,116,123,chapters/chapter04.tex,ly pi 1 x contains the exceptional variety e pi 1 y and we define the strict transform of x to be the analytic subset x pi 1 x setminus e of b y m as our examples will show a careful choice of y w,phrase,
idx-586,Strictly Levi pseudoconvex,I,79,I,79,54,61,chapters/chapter02.tex,inite on holomorphic tangent vectors to partial omega we say omega is strictly levi pseudoconvex abbreviated s l p exactly as we did for convex subsets of r n we may prove lemma2 5 10 suppose omega is a dom,phrase,
idx-587,Strictly Levi pseudoconvex,II,61,II,61,161,168,chapters/chapter05.tex, let omega be an l p respectively s l p domain in c n then omega is 0 pseudoconvex respectively strictly 0 pseudoconvex remark in the sequel we shall always refer to 0 pseudoconvex respectively strictly 0 pseudoconvex domains as ,tokens,
idx-588,Strictly pseudoconvex manifold,II,173,II,173,231,238,chapters/chapter07.tex,ssi for a discussion of the case of s l p domains item suppose m is a strictly pseudoconvex manifold that is there exists a c infty function phi m to r such that l phi is everywhere positive definite and m a z ,phrase,
idx-589,Subharmonic function,I,85,I,85,57,64,chapters/chapter02.tex,fer the reader to hormander or vladimirov for the basic properties of subharmonic and psh functions that are used in several complex variables we should stress that the only reference to subharmonic functions ,tokens,
idx-590,Subpresheaf,II,70,II,70,167,174,chapters/chapter06.tex,aves of c x the reader may care to formulate the analogous concept of subpresheaf item let gamma denote a ring with discrete topology and gamma x be the presheaf of locally constant gamma val,phrase,
idx-591,Subsheaf,II,70,II,70,167,174,chapters/chapter06.tex, d x and that each stalk o x is a subring of d x we say that o x is a subsheaf of rings of d x generally if r pi x and s eta x are sheaves of rings on x we say that r is a subsheaf of ring,phrase,
idx-592,Support of section of sheaf,II,87,II,87,177,184,chapters/chapter06.tex,x neq 0 show that supp s is a closed subset of x item let f pi x be a sheaf of rings define the support of f supp f to be x in x f x neq 0 show that supp f need be neither open nor closed item let f be a locally f,tokens,
idx-593,Support!of sheaf,II,87,II,87,177,184,chapters/chapter06.tex, approx f item let f pi x be a sheaf of rings and s in f x define the support of s supp s to be x in x s x neq 0 show that supp s is a closed subset of x item let f pi x be a sheaf of rin,phrase,
idx-594,Support!of coherent sheaf,II,137,II,137,210,217,chapters/chapter07.tex,"asimhan-r:1}.

8. Let $\mathcal{F}$ be a coherent sheaf on $M$. Then $\operatorname{supp}(\mathcal{F})$ is an analytic subset of $M$ (for the definition of $\operatorname{supp}(\mathcal{F})$, see Exerci",reviewed-source-passage,
idx-595,Symmetric domain,I,139,I,139,92,99,chapters/chapter04.tex,isc with the unit disc the domain im z 3 sqrt im z 1 2 im z 2 2 these domains are all symmetric however it was later shown by pyatetskii shapiro that there exist bounded homogeneous domains in c n n geq 4 ,tokens,
idx-596,Symmetric tensor algebra of vector space,II,2,II,2,125,132,chapters/chapter05.tex,mple 3 given a vector space e otimes e lambda e and odot e are graded vector space algebras with respective algebra operations of tensor product exterior or wedge product and symmetric product lambda e is commutative proposition5 1 4 let e and f be vector spaces then lambda e otimes lambda f h,tokens,
idx-597,Syzygy theorem,I,126,I,126,83,90,chapters/chapter03.tex,te free resolution of m is said to have length s theorem3 6 1 hilbert syzygy theorem every o 0 module has a free resolution of length n it is sufficient to show that for any free resolution of m,phrase,
idx-598,Tangent bundle!real,I,28,I,28,20,27,chapters/chapter01.tex, phi j 1 phi j x the phi ij are the transition functions for the real tangent bundle of m which we denote in the sequel by t m the real cotangent bundle of m t m is the dual bundle of t m with t,phrase,
idx-599,Tangent bundle!holomorphic,I,31,I,31,22,29,chapters/chapter01.tex,ex analytic maps and are the transition functions for the holomorphic tangent bundle of m which we denote in the sequel by tm phi ij u ij to gl c are also analytic maps and define the transition,phrase,
idx-600,Tangent bundle!holomorphic,II,29,II,29,141,148,chapters/chapter05.tex,cture of an anti holomorphic vector bundle we call tm the holomorphic tangent bundle of m and tm the anti holomorphic tangent bundle of m we reserve these terms for the appropriate subbundles of,phrase,
idx-601,Tangent bundle!anti-holomorphic,I,31,I,31,22,29,chapters/chapter01.tex,ex analytic maps and are the transition functions for the holomorphic tangent bundle of m which we denote in the sequel by tm phi ij u ij to gl c are also analytic maps and define the transition,phrase,
idx-602,Tangent bundle!anti-holomorphic,II,29,II,29,141,148,chapters/chapter05.tex,cture of an anti holomorphic vector bundle we call tm the holomorphic tangent bundle of m and tm the anti holomorphic tangent bundle of m we reserve these terms for the appropriate subbundles of,phrase,
idx-603,Tensor algebra of vector space,II,2,II,2,125,132,chapters/chapter05.tex,mple 3 given a vector space e otimes e lambda e and odot e are graded vector space algebras with respective algebra operations of tensor product exterior or wedge product and symmetric product lambda e is commutative proposition5 1 4 let e and f ,tokens,
idx-604,Tensor product of sheaves,II,79,II,79,173,180,chapters/chapter06.tex,v f z cap v definition6 1 7 let r be a sheaf of rings on x and f g be sheaves of r modules item the direct sum f oplus g of f and g is the sheaf of r modules associated to the presheaf u mapsto f u oplus g u item the tensor product f otimes r g of f and g over r is the sheaf of r modules associated to the presheaf u mapsto f u otimes r u g,tokens,
idx-605,Theta function,II,53,II,53,156,163,chapters/chapter05.tex,r to that of proposition holomorphic line bundles on complex tori and theta functions we conclude this section by indicating the role of holomorphic line bundles and their sections in the study o,tokens,
idx-606,Topology!on a sheaf,II,68,II,68,166,173,chapters/chapter06.tex,of r over u defined by f x f x x in u for a base of open sets for the topology of r we take the collection of sets f u subset r over all u in u and f in r u the reader may easily verify th,phrase,
idx-607,Topology!on sections of a coherent sheaf,II,152,II,152,219,226,chapters/chapter07.tex,use an approximation theorem for this case first we need to topologise the space of sections of a coherent sheaf let k be a compact a m convex subset of the stein manifold m and f ,reviewed-source-passage,The indexed passage crosses the original page boundary.
idx-608,Topology!on sections of a coherent sheaf,II,161,II,161,224,231,chapters/chapter07.tex,as the structure of a frechet space we have already defined a frechet topology on f u theorem noting the definition of the seminorms on the quotient f u o k u r s 1 ldots s k u it is clear,phrase,
idx-609,Topology on $\mathcal{O}_X$,II,71,II,71,167,174,chapters/chapter06.tex,cerns the topology of the sheaves d x and o x we shall prove that the topology on o x is hausdorff whilst that on d x is not first we prove that o x is hausdorff let a b in o x a ne b set x pi a ,phrase,
idx-610,Torsion of almost complex structure,II,32,II,32,143,150,chapters/chapter05.tex,n j and exterior differentiation and lie brackets definition5 7 1 the torsion of the almost complex structure j on m is the tensor field n in c infty lambda 2 t m otimes tm characterised by langle n x wedge y rangle jx ,tokens,
idx-611,Torsion of almost complex structure!vanishes if and only if complex structure,II,33,II,33,144,151,chapters/chapter05.tex,k it is true by a fundamental theorem of newlander and nirenberg that if the torsion of an almost complex structure on m vanishes then the almost complex structure is associated to a complex structure on m we say that the almost complex st,tokens,
idx-612,Total space (of vector bundle),I,24,I,24,18,25,chapters/chapter01.tex,r bundle by pi e to x or just e the topological space e is called the total space of the vector bundle x is called the base space and pi the projection map the maps theta i are called trivial,phrase,
idx-613,Trace,II,5,II,5,127,134,chapters/chapter05.tex,ds to a linear map e otimes e to r this map is usually referred to as trace as if we use the natural identification of e otimes e with l e e it corresponds to the operation of taking th,phrase,
idx-614,Trace,II,11,II,11,130,137,chapters/chapter05.tex,their sections by way of example there is a natural vector bundle map trace e otimes e to r defined by trace e x otimes phi x langle e x phi x rangle e x in e x phi x in e x x in m if s,phrase,
idx-615,Transition function,II,25,I,26,19,26,chapters/chapter01.tex,ght tag a inversion and multiplication are in gl r n the theta ij are called transition functions of the vector bundle e suppose s is a section of e and s i u i to r n is the local representation of s on u i,phrase,Transition functions of a vector bundle are named on Part I p.26.
idx-616,Transpose (of linear map),II,27,I,27,20,27,chapters/chapter01.tex, let r m prime denote the real dual of r m if a in l r m r n then the transpose of a a is the linear map from r n prime to r m prime characterised by a phi e phi a e phi in r n prime e in r m ,phrase,The transpose of a real linear map is defined on Part I p.27.
idx-617,Transpose (of linear map),II,29,I,29,21,28,chapters/chapter01.tex,enote the conjugate dual space of c m if a in l c m c n we define the transpose a in l c n c m exactly as in the real case we let c m denote the complex vector space of conjugate complex li,phrase,The complex transpose is defined on Part I p.29.
idx-618,Trivial extension of sheaf,II,87,II,87,177,184,chapters/chapter06.tex,denote the inclusion map if f is a sheaf on z set f i f we call f the trivial extension of f to x or the sheaf on x obtained by extending f by zero outside z show that label alph item f x 0 x notin z f x x in z item i 1 ,tokens,
idx-619,Trivial extension of sheaf,II,126,II,126,203,210,chapters/chapter06.tex, item let x be a closed subset of the topological space z and f be a sheaf of groups on x as in exercise 4 hyperref sec 6 1 s 1 let f denote the trivial extension of f to z prove that for p geq 0 h p z f approx h p x f look at the trivial extension of the canonical resolutio,tokens,
idx-620,Trivial theta function,II,54,II,54,157,164,chapters/chapter05.tex, function for this family any theta function of this type is called a trivial theta function by virtue of the fact that it corresponds to a constant non zero section of the trivial holomorphic line bund,phrase,
idx-621,Trivial vector bundle,I,24,I,24,18,25,chapters/chapter01.tex, x times r n to x is an n dimensional vector bundle over x called the trivial n dimensional vector bundle over x we often denote the trivial bundle over x with fibre r n by r n condition b on a vector bundle implies,tokens,
idx-622,Trivial vector bundle,II,10,II,10,130,137,chapters/chapter05.tex, hyperref sec 1 5 s 5 of chapter 1 item we let r m times r denote the trivial real line bundle over m notice that c r r c r m item we let t m and t m respectively denote the tangent and cotangent bundles ,tokens,
idx-623,Trivialisation of vector bundle,I,24,I,24,18,25,chapters/chapter01.tex,pi e to x or just e the topological space e is called the total space of the vector bundle x is called the base space and pi the projection map the maps theta i are called trivialisations of e example 1 let pi x times r n to x denote projection on the first factor then pi x times r n to x is an n di,tokens,
idx-624,Twisted sheaves on projective space,II,177,II,177,234,241,chapters/chapter07.tex, let f m f otimes o o m quad m in z we call f m the sheaf f twisted by o m one feature of twisting is that we expect dim ch 0 p n c f m to be an increasing function of m to explain,reviewed-source-passage,
idx-625,Uniform holomorphic vector bundle,II,189,II,189,241,248,chapters/chapter07.tex,mple above shows that tp n c ell cong o 2 oplus o 1 n 1 we say that a holomorphic vector bundle e on p n c of rank is uniform of splitting type a 1 ldots a k if for every complex line ell subset p n c e ell bigoplus j 1 k o a j it can ,tokens,
idx-626,Uniformization theorem,I,18,I,18,15,22,chapters/chapter01.tex,he fundamental and difficult theorem of riemann surfaces known as the uniformization theorem for a proof and more details we refer to ahlfors and sario siegel springer item let f m to n be a local homeo,phrase,
idx-627,Uniformization theorem,I,163,I,163,106,113,chapters/chapter04.tex,ples 1 let m be a riemann surface not necessarily compact then by the uniformization theorem the universal covering surface m of m is biholomorphic to either the riemann sphere upper half plane or open ,phrase,
idx-628,Uniqueness of analytic continuation,I,3,I,3,5,12,chapters/chapter01.tex,t of course hold for c infty or continuous functions proposition1 1 6 uniqueness of analytic continuation let u v be connected open subsets of c and suppose u cap v ne varnothing if f in a u and h is an analytic ext,phrase,
idx-629,Uniqueness of analytic continuation,I,49,I,49,34,41,chapters/chapter02.tex,s of the coefficients a m follows by induction on n proposition2 1 11 uniqueness of analytic continuation let u v be connected open subsets of c n and suppose u cap v neq varnothing if f in a u and h is an analytic ,phrase,
idx-630,Universal bundle,I,151,I,151,98,105,chapters/chapter04.tex, a k dimensional holomorphic vector bundle over g k n c we call u the universal bundle or canonical bundle of g k n c it can be shown that given any k dimensional vector bundle e over a differenti,phrase,
idx-631,Universal bundle!on projective space,II,42,II,42,150,157,chapters/chapter05.tex,sequentially compact and therefore compact holomorphic vector bundles on projective space to each point ell in p n c is naturally associated a complex line in c n 1 this suggests that we should be ab,phrase,
idx-632,Universal bundle!on projective space,II,61,II,61,161,168,chapters/chapter05.tex,n 1 c by holomorphic functions on m proposition item let l denote the universal line bundle on p n c then l is biholomorphic to c n 1 blown up at zero hence by example 2 there is an s l p neighbourhood of,tokens,
idx-633,V-Hermitian form,I,140,I,140,92,99,chapters/chapter04.tex,l line we say that a function f c m times c m longrightarrow c n is a v hermitian form if ,phrase,
idx-634,Vector bundle!complex,I,28,I,28,20,27,chapters/chapter01.tex,ectively bigwedge r f otimes e oplus bigodot s f will then denote the vector bundle over x with fibre model bigwedge r r n otimes r m oplus bigodot r r n prime and transition functions psi ij u,phrase,
idx-635,Vector bundle!conjugate (dual),I,30,I,30,21,28,chapters/chapter01.tex,vector bundles which we call the conjugate bundle e dual bundle e and conjugate dual bundle e of e respectively exactly as for the real case we may now extend the possible fibre models of comple,phrase,
idx-636,Vector bundle!dual,I,27,I,27,20,27,chapters/chapter01.tex,eta ija j a i theta ij on u ij notation let r m prime denote the real dual of r m if a in l r m r n then the transpose of a a is the linear map from r n prime to r m prime characterise,phrase,
idx-637,Vector bundle!real,I,24,I,24,18,25,chapters/chapter01.tex, definition1 5 1 let x be a topological space an n dimensional real vector bundle e over x consists of a topological space e and continuous map pi e to x which satisfy item a the fibre pi 1 x,phrase,
idx-638,Vector bundle!isomorphism,I,26,I,26,19,26,chapters/chapter01.tex, is bijective and a 1 is a vector bundle map we shall say that a is a vector bundle isomorphism and that e and f are isomorphic vector bundles suppose that e f have trivialising maps theta i eta i respecti,phrase,
idx-639,Vector bundle!map,I,26,I,26,19,26,chapters/chapter01.tex,ector bundles over x we shall say that a continuous map a e to f is a vector bundle map if for all x in x a e x subset f x and a e x is linear if a is bijective and a 1 is a vector bundle map we sh,phrase,
idx-640,Vector bundle!pull-back,I,27,I,37,25,32,chapters/chapter01.tex,theta ijf are transition functions for a vector bundle f e over x the pull back bundle of e by f verify that up to vector bundle isomorphism f e depends only on e and f and not on any choices we h,phrase,"Pull-back vector bundles occur in Exercise 1 on Part I p.37, not p.27."
idx-641,Vector bundles!classifying space,I,151,I,151,99,106,chapters/chapter04.tex,he map f x longrightarrow g k n c similar results hold for continuous vector bundles over x see atiyah husmoller and milnor for further details and proofs complex tori let omega omega 1 ldots om,phrase,
idx-642,Vector bundles!exterior product,I,28,I,28,20,27,chapters/chapter01.tex,revious example we shall now extend the possible fibre models of real vector bundles to include any finite combination of direct sum tensor product exterior and symmetric power of r n and r n pr,phrase,
idx-643,Vector bundles!symmetric product,I,28,I,28,20,27,chapters/chapter01.tex,revious example we shall now extend the possible fibre models of real vector bundles to include any finite combination of direct sum tensor product exterior and symmetric power of r n and r n pr,phrase,
idx-644,Vector bundles!tensor product,I,28,I,28,20,27,chapters/chapter01.tex,f real vector bundles to include any finite combination of direct sum tensor product exterior and symmetric power of r n and r n prime all these vector space operations extend immediately to vec,phrase,
idx-645,Veronese surface,II,57,II,57,159,166,chapters/chapter05.tex,ng of p 2 c in p 5 c the corresponding surface in p 5 c is called the veronese surface item let e be a holomorphic line bundle on the complex manifold m show that as vector spaces m e cong m m pro,phrase,
idx-646,Very ample vector bundle,II,194,II,194,244,251,chapters/chapter07.tex,ts s k defines a holomorphic map of m in p k c we shall say that f is ample respectively very ample if h 0 m f determines a holomorphic map respectively embedding of m in some projective space we remark that i,tokens,
idx-647,Weak continuity principle,I,87,I,87,59,66,chapters/chapter02.tex,theorem definition2 5 21 a domain omega in c n is said to satisfy the weak continuity principle if given any sequence v n of holomorphically embedded discs in omega which satisfy item for all n v n cup par,phrase,
idx-648,Weakly negative (positive) vector bundle,II,61,II,61,162,169,chapters/chapter05.tex,ant definition due to grauert definition5 10 5 let e be a holomorphic vector bundle on the compact complex manifold m we say that e is weakly negative if there ,tokens,
idx-649,Weakly negative (positive) vector bundle,II,62,II,62,162,169,chapters/chapter05.tex, is an s l p neighbourhood of the zero section of e we say that e is weakly positive if e is weakly negative remark one of the main theorems we prove in chapter is that if a compact complex manifold m admits a weakly positive vector bundle then m is algebraic our definition of the q pseudoconvexivity of a complex manifold m depended on representin,tokens,
idx-650,Weierstrass!Division theorem,I,101,I,101,68,75,chapters/chapter03.tex, always using the prime to denote the c n 1 variable theorem3 2 1 the weierstrass division theorem let f be analytic on a neighbourhood omega of 0 in c n and suppose that f 0 ldots 0 z n has a zero of multipl,phrase,
idx-651,Weierstrass!Preparation theorem,I,105,I,105,70,77,chapters/chapter03.tex,he ring of germs of analytic functions at 0 in c n 1 theorem3 2 3 the weierstrass preparation theorem let f in o 0 and suppose that f 0 z n has a zero of order p geq 0 at z n 0 then there exists a unique unit h ,phrase,
idx-652,Weierstrass elliptic function,I,156,I,156,102,109,chapters/chapter04.tex,m we shall now construct some elliptic functions we start by defining weierstrass elliptic function wp z wp z z 2 sum big z omega 2 omega 2 big qquad z in c setminus l here the sum is over all omega in l l set,phrase,
idx-653,Weierstrass polynomial,I,105,I,105,70,77,chapters/chapter03.tex, we give a definition definition3 2 2 a germ p in o 0 is said to be a weierstrass polynomial of degree p if on some neighbourhood of 0 p z 1 ldots z n z n p sum j 0 p 1a j z z n j where the a j are anal,phrase,
idx-654,Weierstrass theorem,I,12,I,12,11,18,chapters/chapter01.tex,nishing analytic functions on u that is the units in a u theorem1 3 3 weierstrass theorem let u u i i in i be an open cover of omega and suppose that we are given m i in m u i for each i in i then pr,phrase,
idx-655,Weierstrass zeta function,II,55,II,55,158,165,chapters/chapter05.tex,e lattice l generated by omega 1 omega 2 integrating wp we obtain the weierstrass zeta function zeta z z 1 sum z omega 1 omega 1 2 omega 2 the prime denotes that the sum is over non zero elements of l zeta,phrase,
idx-656,Weierstrass $\sigma$-function,II,55,II,55,158,165,chapters/chapter05.tex,a exp pi h z lambda tfrac 12 pi h lambda lambda theta z example 4 the weierstrass sigma function we follow the notation and assumptions of hyperref sec 4 4 s 4 of chapter 4 thus we assume n 1 and let wp z d,tokens,
idx-657,Weil divisor,I,172,I,172,111,118,chapters/chapter04.tex,itrary complex manifold definition4 6 8 let m be a complex manifold a weil divisor on m is a formal sum sum i in in i cdot x i where x i i in i is a locally finite set of mutually distinct irr,phrase,
idx-658,Zero set!meromorphic function of one variable,I,7,I,7,8,15,chapters/chapter01.tex,tions the equivalence classes of this relation are then defined to be meromorphic functions this is essentially the approach that we adopt in later chapters one immediate consequence of our local description of meromorphic functions is that m omega is a field the connectedness of omega is essential here to avoid zero divisors suppose m in m omega and zeta in omega we define the order of m at zeta ord m zeta to be the smalles,tokens,
idx-659,Zero set!of several variables,I,114,I,114,75,82,chapters/chapter03.tex, n the analytic sets z m p m and t m constructed above are called the zero set of m pole set of m and indeterminancy set of m respectively example 2 for n 1 the indeterminancy set is alway,phrase,
idx-660,Zero-complete (0-complete),I,86,I,86,58,65,chapters/chapter02.tex, definition2 5 19 a domain omega in c n is said to be 0 complete or holomorphically complete if there exists phi in c r infty omega such that item phi is strictly psh item fo,phrase,
idx-661,Zero-complete (0-complete),II,62,II,62,162,169,chapters/chapter05.tex,act subset of m definition5 10 7 a complex manifold m is said to be q complete if there exists a strictly q psh exhaustion function phi on m remarks item clearly q complete implies q 1 com,phrase,
